"0","460","106895.48999999999","true","1975-05-03 00:05:33"
"1","433","118026.50000000001","false","1970-07-22 05:57:21"
"2","301","169388.1","true","2004-03-23 15:44:00"
"3","443","117895.57","true","1996-01-12 11:14:41"
"4","133","24068.8","true","1977-12-12 06:56:35"
"5","208","81231.07999999999","true","2018-08-22 22:56:28"
"6","81","251524.0","false","1994-05-18 22:21:28"
"7","40","17509.9","false","1996-06-27 11:56:09"
"8","456","167858.85","true","1991-08-15 06:54:20"
"9","53","175537.96","true","1979-05-25 06:30:01"
"10","159","171023.62","true","1983-02-17 18:44:30"
"11","7","58397.64","false","2021-03-15 13:06:56"
"12","182","160271.76","true","2017-06-29 18:05:19"
"13","281","48895.92999999999","false","2015-07-16 15:23:07"
"14","348","23072.5","false","1977-12-15 10:25:43"
"15","348","338765.26","false","2019-08-04 21:27:44"
"16","250","66937.94","true","1983-09-17 10:24:38"
"17","455","206483.68","false","2005-12-01 07:05:22"
"18","184","2316.93","false","1971-01-22 03:03:29"
"19","357","16041.519999999999","true","2019-11-30 13:18:34"
"20","478","52203.06","true","2012-09-07 01:12:00"
"21","470","60779.399999999994","true","1985-03-05 08:54:15"
"22","221","180433.44","false","2002-11-21 01:17:29"
"23","362","38194.130000000005","true","1986-06-07 07:10:09"
"24","311","394274.9","true","2015-09-04 11:26:00"
"25","95","211425.5","false","1991-11-28 18:14:05"
"26","344","343161.0","true","1990-04-17 18:34:29"
"27","346","87287.4","false","1998-07-30 11:55:43"
"28","108","58694.54","false","2016-07-02 03:20:27"
"29","372","113565.76000000001","true","1990-08-03 03:27:18"
"30","210","266550.74","true","1988-02-08 02:11:02"
"31","39","107619.52","true","2016-02-12 20:42:18"
"32","361","208030.40000000002","true","1990-10-14 09:07:14"
"33","128","62986.2","true","2006-07-31 12:02:42"
"34","52","3812.04","true","1979-03-14 12:03:11"
"35","59","296159.49000000005","false","1978-10-19 23:24:07"
"36","159","434870.39999999997","false","1986-12-14 05:34:05"
"37","281","28378.35","true","1998-10-08 22:29:40"
"38","206","190152.96","true","1991-04-28 12:47:46"
"39","134","78401.97","false","1998-08-24 01:38:07"
"40","239","195049.80000000002","true","2004-12-14 02:43:23"
"41","274","43183.8","true","2001-08-26 22:01:44"
"42","253","360550.95999999996","true","1997-12-11 10:57:16"
"43","281","374400.4","false","1971-09-23 23:32:25"
"44","363","105607.92","false","1984-05-08 20:12:05"
"45","152","200647.41","false","2002-12-24 00:13:36"
"46","257","240303.33","true","1987-12-11 00:11:05"
"47","496","248476.13999999998","true","1989-07-20 12:03:36"
"48","376","73442.25","true","1997-06-05 13:46:10"
"49","465","2906.3","false","2008-02-20 06:18:14"
"50","497","10754.25","false","1994-11-10 05:48:10"
"51","385","84752.5","true","1981-12-28 01:34:36"
"52","230","23888.28","false","2007-05-29 08:12:03"
"53","295","403380.0","false","1972-03-12 00:58:59"
"54","80","139026.80000000002","true","1998-08-18 14:44:16"
"55","483","439307.56","false","1972-12-21 15:16:31"
"56","349","177630.84","false","2008-11-25 02:58:10"
"57","284","8796.9","true","2004-01-16 07:12:50"
"58","250","221222.7","true","2016-03-22 03:51:39"
"59","462","37704.42","false","2003-04-17 09:57:55"
"60","399","161868.84","true","1976-12-17 04:20:55"
"61","297","92318.45999999999","false","1988-04-04 02:24:04"
"62","363","54485.829999999994","false","2021-05-18 07:28:06"
"63","377","130154.75","true","1981-11-04 10:34:50"
"64","354","198137.76","false","1983-07-19 09:49:27"
"65","75","110373.12","false","2005-07-23 14:52:53"
"66","99","442414.99999999994","true","2020-01-13 21:42:33"
"67","73","54783.490000000005","false","1996-11-24 08:27:42"
"68","27","42961.24","true","1990-07-13 23:03:07"
"69","454","94146.39","true","1971-10-05 06:14:57"
"70","450","118617.73","true","1987-07-05 13:36:11"
"71","269","48072.880000000005","true","1994-02-17 06:34:47"
"72","239","82185.59999999999","true","1999-12-09 16:32:05"
"73","326","9725.61","true","2009-10-04 22:03:17"
"74","483","48521.8","true","2011-06-04 15:55:47"
"75","461","3960.56","false","2016-12-12 08:15:01"
"76","30","219507.6","false","1993-08-12 08:34:46"
"77","356","266094.0","false","2001-11-08 03:13:43"
"78","157","2710.39","false","1992-11-17 10:09:39"
"79","257","375783.86","true","2007-01-12 23:08:12"
"80","457","1591.92","true","1976-12-21 16:48:40"
"81","412","13171.68","false","1980-05-10 09:25:40"
"82","1","7123.099999999999","false","2016-10-17 23:18:44"
"83","272","84945.0","true","1972-04-19 09:57:16"
"84","260","37427.0","true","2018-08-30 02:07:56"
"85","161","204615.36","true","2003-12-30 07:18:58"
"86","419","77031.2","false","1976-11-12 10:31:17"
"87","415","10897.9","false","1982-05-26 04:27:51"
"88","393","285441.3","false","2001-02-08 04:41:28"
"89","149","3471.1","true","1977-12-02 15:58:51"
"90","492","70615.34999999999","true","2014-11-30 15:54:43"
"91","422","38452.68","true","1975-09-14 10:18:22"
"92","185","22186.260000000002","false","2021-01-10 03:35:15"
"93","15","215318.86","true","2019-01-06 01:31:38"
"94","52","312739.85","false","2016-02-08 16:09:28"
"95","413","4270.44","false","1998-05-18 03:49:24"
"96","341","1532.08","false","1982-06-15 21:41:04"
"97","77","37338.0","false","1983-10-29 11:27:25"
"98","180","462162.11999999994","true","1991-06-10 03:59:11"
"99","193","25161.48","false","1999-11-28 15:20:15"
"100","265","11525.85","false","1973-08-17 00:55:30"
"101","307","40118.1","false","1991-10-10 07:28:50"
"102","371","57751.98","false","1993-08-03 15:37:29"
"103","156","378162.9","true","2011-09-10 14:03:11"
"104","55","237284.13","false","1992-08-12 11:51:34"
"105","307","30555.28","false","2007-02-24 10:17:46"
"106","371","57189.5","true","1998-03-25 15:06:35"
"107","345","183336.94999999998","false","2016-05-09 13:41:20"
"108","434","3607.52","true","1990-01-26 12:02:45"
"109","291","204987.96000000002","true","1982-03-03 04:15:15"
"110","346","64795.5","true","1993-08-10 05:21:02"
"111","130","7568.16","false","1992-10-22 06:54:39"
"112","101","18241.920000000002","true","2008-10-30 17:05:21"
"113","492","226864.56","false","2009-07-12 05:33:30"
"114","137","153537.93000000002","false","2002-04-12 19:31:30"
"115","41","306750.07","false","1972-08-30 12:59:08"
"116","60","173465.01","true","1984-07-28 18:11:54"
"117","159","95901.95","true","1995-08-05 21:19:13"
"118","208","198151.00000000003","false","2015-03-11 11:53:42"
"119","492","395982.24000000005","true","1976-02-05 09:08:18"
"120","103","28154.4","true","2007-10-01 10:05:05"
"121","203","161064.18","true","1977-06-04 17:19:38"
"122","359","279358.95","false","1980-01-15 01:05:24"
"123","95","356417.98","false","2002-12-10 09:24:26"
"124","136","1774.17","false","1998-08-03 01:04:41"
"125","143","102372.0","true","2013-04-21 00:35:46"
"126","310","166581.9","true","1997-01-05 12:14:34"
"127","498","46323.15","true","2011-03-12 04:40:30"
"128","434","100453.07999999999","true","2001-12-12 10:04:15"
"129","73","291721.95999999996","true","2008-10-01 23:23:50"
"130","135","2631.09","false","2019-05-07 13:26:20"
"131","413","64746.4","true","1990-04-16 22:56:40"
"132","70","439368.97","false","1982-03-18 07:15:48"
"133","476","55424.93","false","2016-04-15 12:55:11"
"134","416","62338.5","false","2002-11-23 05:42:16"
"135","316","46370.48","false","1976-10-29 06:33:49"
"136","341","146537.6","false","1971-10-07 23:16:30"
"137","126","273758.66000000003","true","1995-02-13 07:07:44"
"138","15","260309.0","false","1983-12-17 20:08:08"
"139","297","92936.48","true","2000-06-03 23:31:22"
"140","26","222142.2","true","1977-07-07 12:20:02"
"141","424","1285.3500000000001","true","2007-04-23 19:08:22"
"142","52","16462.350000000002","false","2021-04-21 03:53:14"
"143","136","173890.06","false","1971-12-30 20:38:11"
"144","138","158170.08","false","1984-10-10 18:05:58"
"145","121","95509.17","false","2021-08-12 05:26:01"
"146","326","394048.8","true","1992-11-02 09:03:49"
"147","304","162972.31999999998","true","1980-05-11 12:15:22"
"148","27","36937.6","true","2002-05-08 22:43:20"
"149","436","119489.04000000001","false","1984-06-25 14:56:56"
"150","383","150497.16","false","2012-05-15 15:50:56"
"151","254","221068.63999999998","false","2012-05-12 10:01:19"
"152","351","72177.6","false","2013-08-20 18:30:54"
"153","458","29637.96","false","2002-08-21 01:30:14"
"154","25","336781.83","false","2008-09-02 12:40:50"
"155","449","215370.54","false","1997-11-10 00:28:54"
"156","316","77104.08","false","2002-12-21 09:43:04"
"157","352","16084.88","false","1993-05-15 06:52:17"
"158","258","2730.97","false","1990-01-31 17:18:58"
"159","476","51941.759999999995","false","2019-10-12 00:02:02"
"160","72","37137.24","true","2002-06-21 02:29:00"
"161","17","31227.0","true","1994-11-05 13:30:15"
"162","139","19119.98","true","2003-04-29 20:48:20"
"163","319","295232.0","false","2008-12-01 11:25:09"
"164","497","40419.12","true","1991-01-12 20:42:51"
"165","189","299953.08","true","1988-04-14 20:56:38"
"166","329","27504.760000000002","false","1976-09-08 00:22:49"
"167","7","42307.65","false","1987-09-28 00:24:56"
"168","91","270369.03","false","1993-01-21 07:06:00"
"169","132","36593.76","false","2009-11-28 15:46:35"
"170","103","97913.28","true","2010-06-16 12:09:42"
"171","226","93528.1","false","1981-09-29 10:41:36"
"172","441","144485.83000000002","false","1973-09-04 07:18:18"
"173","200","7584.48","true","2009-11-25 12:46:22"
"174","416","320126.57999999996","false","2015-07-29 11:02:43"
"175","37","457496.64","false","1979-10-23 18:04:52"
"176","357","191437.47999999998","false","2006-07-14 23:35:10"
"177","223","34610.76","true","2020-10-26 13:16:05"
"178","220","158504.68","false","2003-05-15 13:14:23"
"179","163","446531.58","false","1989-02-19 03:23:23"
"180","46","30014.49","true","1979-03-20 07:29:47"
"181","264","105062.16","false","1990-05-13 21:09:09"
"182","305","332393.6","true","1982-04-19 00:16:50"
"183","467","58424.0","true","1982-08-31 04:41:45"
"184","184","81667.2","true","1972-09-15 11:31:07"
"185","412","45842.08","true","2009-05-17 09:03:05"
"186","390","76214.45","true","1988-11-07 05:24:41"
"187","291","120307.74","true","2015-04-09 08:26:21"
"188","37","126583.31999999999","false","1971-03-29 18:57:12"
"189","222","312037.04","false","1985-10-05 02:40:24"
"190","246","15875.2","true","1977-03-04 12:18:36"
"191","212","76876.47","false","1981-07-02 12:22:16"
"192","51","111285.65999999999","true","1987-10-19 04:14:19"
"193","425","7823.999999999999","true","1973-04-05 08:56:45"
"194","32","55465.92999999999","false","2000-11-21 20:25:14"
"195","456","331572.74","true","1991-02-10 17:19:40"
"196","161","109793.04000000001","false","2003-10-30 14:09:34"
"197","241","295841.72","false","2000-12-22 20:15:06"
"198","226","29130.59","true","1992-03-22 21:53:37"
"199","87","68247.52","true","1978-09-17 14:39:37"
"200","251","69606.0","false","1989-07-05 21:40:52"
"201","231","325859.86","false","1984-03-28 16:53:21"
"202","429","60339.3","true","2015-01-15 04:16:47"
"203","338","91421.06999999999","true","2012-06-09 20:40:42"
"204","38","74861.5","false","1985-08-31 04:52:19"
"205","314","31728.0","true","1976-06-15 05:21:57"
"206","396","55066.97","false","1973-10-26 22:50:25"
"207","300","184898.56","false","1980-12-03 23:49:11"
"208","230","9995.32","true","2016-11-13 21:56:46"
"209","260","49342.82000000001","false","2020-11-17 05:58:03"
"210","183","50579.04","true","2014-02-18 23:53:27"
"211","359","79222.88","true","1984-11-20 07:48:55"
"212","198","287345.7","true","1971-11-25 05:02:28"
"213","476","299040.66000000003","false","2003-09-23 15:38:02"
"214","279","393753.6","true","2004-10-09 19:25:32"
"215","494","357952.20999999996","false","2013-07-31 11:59:48"
"216","425","14993.01","false","1975-07-20 11:05:02"
"217","426","30135.0","true","1995-01-02 12:37:41"
"218","388","203840.0","true","1993-11-18 01:01:46"
"219","302","21218.76","false","2000-05-16 21:01:49"
"220","241","5212.11","true","1986-07-10 22:28:58"
"221","184","93803.4","false","1975-04-23 09:12:39"
"222","456","126653.52","false","1996-04-16 11:54:20"
"223","481","153758.64","true","2002-04-04 17:46:04"
"224","233","386414.25","false","1985-12-16 11:20:03"
"225","8","55680.64","true","2021-02-28 23:50:25"
"226","50","62124.75","false","2001-06-21 09:19:07"
"227","200","1958.04","true","2010-10-15 20:48:02"
"228","477","48095.25","false","2000-11-25 09:26:22"
"229","483","53213.28","false","1987-01-26 19:45:42"
"230","376","198246.03","false","2011-07-18 07:33:32"
"231","384","9394.06","false","2010-12-04 11:37:26"
"232","330","305122.76999999996","false","1987-11-08 19:35:04"
"233","134","177987.21","false","1984-02-23 14:49:28"
"234","155","201623.73","true","1990-06-10 02:25:57"
"235","166","178052.28","false","1983-08-14 16:01:47"
"236","362","294203.41","false","2012-08-24 16:25:14"
"237","267","173234.4","false","1982-08-14 08:30:45"
"238","270","38381.44","true","2003-11-13 19:28:29"
"239","302","213455.00000000003","true","2004-05-31 10:08:32"
"240","95","1680.95","true","2016-08-17 07:07:26"
"241","254","265371.75","false","2003-06-25 09:37:17"
"242","245","312879.81","false","1990-12-18 22:13:47"
"243","137","128568.7","false","2011-04-30 04:38:13"
"244","407","31167.43","false","1997-04-17 00:02:40"
"245","346","93754.7","false","2008-07-19 16:09:58"
"246","106","434946.33","true","1991-06-07 22:19:56"
"247","162","195334.91999999998","true","2017-07-15 15:44:42"
"248","409","10363.92","false","2004-09-17 03:05:15"
"249","136","22742.04","false","1983-04-08 02:10:02"
"250","443","293422.81","true","2005-08-28 04:59:33"
"251","494","271437.04000000004","false","2010-08-24 10:03:21"
"252","236","182750.40000000002","true","2015-07-21 16:09:54"
"253","459","301641.95","false","1988-10-14 03:32:36"
"254","389","258459.75","false","1987-07-28 10:16:37"
"255","342","25078.899999999998","true","2011-02-09 11:50:47"
"256","243","89664.79999999999","true","2016-10-10 13:52:08"
"257","102","95796.9","false","2009-10-17 01:54:31"
"258","422","49846.5","true","2014-10-16 17:24:01"
"259","199","311338.5","false","2001-01-08 07:29:06"
"260","87","120814.2","false","1996-09-06 07:23:09"
"261","409","3003.75","true","1992-06-16 23:01:38"
"262","39","156659.86","true","1974-10-09 12:35:06"
"263","438","263193.7","false","1991-12-01 06:14:32"
"264","339","55364.920000000006","true","1986-01-16 12:46:14"
"265","391","101740.85999999999","true","2001-01-05 06:10:33"
"266","18","197536.56","true","2016-05-09 12:42:13"
"267","301","51757.42","true","2007-07-02 08:16:33"
"268","208","5511.68","false","1982-03-05 04:36:13"
"269","416","148891.5","false","1994-12-10 13:31:31"
"270","178","1222.72","true","1976-09-26 07:03:04"
"271","284","157563.61","false","2003-11-19 00:41:45"
"272","253","127594.8","false","2008-04-03 16:37:16"
"273","108","177113.44","false","1970-06-20 07:33:11"
"274","229","112585.76000000001","false","2008-03-27 19:50:07"
"275","6","90857.64","true","1978-03-24 20:40:01"
"276","108","10786.56","true","1984-09-03 05:22:51"
"277","432","78693.44","false","1987-01-03 19:43:27"
"278","364","38683.450000000004","true","1992-08-27 22:07:58"
"279","78","207995.06","true","2020-08-24 10:35:13"
"280","276","23002.32","false","1983-11-06 10:55:18"
"281","332","188119.1","true","2014-03-27 14:49:34"
"282","199","15149.89","false","2008-11-25 06:07:47"
"283","185","40946.88","false","1974-01-13 20:04:45"
"284","368","53157.3","false","2004-05-19 00:31:55"
"285","397","14339.25","true","1994-10-07 10:52:18"
"286","225","180369.08000000002","false","1970-08-27 13:09:27"
"287","447","168251.91","true","2013-11-27 16:13:36"
"288","254","392365.6","true","2002-04-27 06:28:11"
"289","162","95938.36","false","2007-04-07 01:52:52"
"290","191","12288.43","true","1982-11-05 15:07:04"
"291","69","309741.0","false","1970-04-30 16:11:25"
"292","336","407506.92000000004","true","2016-04-28 19:11:36"
"293","56","15752.24","true","2007-12-30 12:54:50"
"294","212","204939.24","true","1975-10-07 18:23:51"
"295","221","186406.73","true","1977-08-16 15:21:48"
"296","369","278395.2","false","2004-07-11 07:53:54"
"297","304","41515.32","true","1970-02-16 19:09:03"
"298","8","371574.72","false","2017-07-21 02:08:41"
"299","345","27908.72","false","2013-10-01 11:18:38"
"300","42","37183.409999999996","false","2010-06-29 00:32:34"
"301","365","352259.31","true","1977-05-12 17:53:27"
"302","490","4838.16","false","1994-03-13 06:13:23"
"303","476","65789.64","false","2012-01-20 00:34:56"
"304","43","170560.80000000002","true","2004-01-10 17:06:52"
"305","214","148579.19999999998","true","1983-05-15 09:09:19"
"306","483","59789.6","true","2003-01-09 21:33:46"
"307","461","59446.4","true","1977-01-04 09:53:19"
"308","124","228198.96000000002","true","1998-06-25 04:02:08"
"309","428","27128.920000000002","true","2008-11-20 13:02:44"
"310","479","22799.399999999998","false","2009-02-01 04:37:39"
"311","377","136769.93","false","2000-02-28 02:01:24"
"312","140","77936.90000000001","false","1971-11-13 00:50:23"
"313","99","20767.199999999997","true","1985-05-24 20:16:53"
"314","207","38165.28","true","1988-01-02 23:53:59"
"315","146","189262.7","false","2021-10-29 05:16:35"
"316","368","126156.32","true","2010-03-04 14:49:49"
"317","252","207599.04","true","2002-05-26 22:56:04"
"318","356","309697.63999999996","true","1990-10-04 17:37:33"
"319","459","160103.19","false","2002-02-23 22:06:40"
"320","259","242569.91999999998","false","2021-10-24 21:10:51"
"321","384","215210.82","false","1999-07-20 11:40:31"
"322","444","97506.99","false","2010-03-12 06:51:54"
"323","12","0.0","true","1984-04-12 22:53:46"
"324","353","255252.53","false","1982-11-19 14:28:27"
"325","457","105155.70000000001","false","1991-02-27 16:12:10"
"326","277","326890.76999999996","true","1988-12-17 05:53:03"
"327","59","150258.6","false","2020-04-13 23:24:20"
"328","192","241801.88","true","1979-11-24 18:02:34"
"329","90","19124.6","false","1989-09-07 02:23:13"
"330","66","64082.48","false","2002-02-21 10:26:49"
"331","259","166448.1","true","1999-08-03 00:02:12"
"332","139","8363.84","true","1971-10-14 10:58:29"
"333","484","316430.64","false","1971-08-02 01:13:47"
"334","110","115351.83","false","2001-09-09 23:35:11"
"335","364","249906.33999999997","false","2020-11-24 05:18:03"
"336","452","294583.48","true","2002-06-13 19:43:13"
"337","159","32775.46","true","1983-04-30 03:57:12"
"338","41","12969.75","false","2002-05-23 07:37:23"
"339","214","147397.56","false","2012-11-12 12:51:50"
"340","64","2561.08","true","2005-08-24 19:34:17"
"341","269","18109.84","true","1993-01-25 08:33:08"
"342","3","1214.3000000000002","false","2021-09-27 18:26:35"
"343","353","134411.23","true","1979-09-25 10:16:52"
"344","347","254387.28","true","1994-06-08 16:05:43"
"345","122","169278.69","true","1980-02-28 16:09:09"
"346","341","0.0","true","2006-12-31 04:33:56"
"347","126","217469.0","false","1986-02-26 01:19:15"
"348","334","208788.0","false","1990-11-17 08:08:56"
"349","160","124452.25","false","1974-03-11 11:54:50"
"350","141","217826.28","true","1975-07-12 22:42:18"
"351","43","38510.88","true","2003-06-27 20:43:41"
"352","73","55290.78","false","1988-01-19 23:23:49"
"353","116","43830.18","false","2016-05-19 13:15:30"
"354","196","160894.29","true","2003-04-15 07:29:55"
"355","46","146207.31","false","1986-02-16 18:58:10"
"356","414","79194.78","true","2019-04-14 12:23:32"
"357","178","145413.69999999998","true","1978-02-25 02:18:24"
"358","167","168123.2","true","2014-05-07 13:59:17"
"359","103","151926.94","false","1978-12-20 06:53:56"
"360","484","63394.24","false","1979-03-07 18:14:15"
"361","15","5357.78","true","2005-08-05 04:19:10"
"362","469","34150.95","true","2015-03-23 12:22:46"
"363","84","18763.399999999998","false","2001-01-28 20:21:53"
"364","474","93244.32","true","2017-08-24 18:06:27"
"365","36","203624.44999999998","false","2011-11-29 23:12:57"
"366","208","23649.21","false","1983-03-04 21:22:25"
"367","469","27122.039999999997","false","2007-10-07 04:32:33"
"368","458","338213.04","false","2012-03-09 05:14:51"
"369","282","441346.12","false","1981-11-02 09:11:25"
"370","418","354948.48000000004","true","2002-08-20 12:07:38"
"371","200","15266.68","true","1990-11-03 12:30:01"
"372","143","279333.36","true","2013-02-02 06:08:21"
"373","452","33654.03","false","1999-05-11 22:49:47"
"374","191","36114.96","false","2004-08-19 18:06:25"
"375","351","111975.36000000002","false","1978-06-05 10:31:19"
"376","440","358459.63999999996","true","1978-05-12 00:46:52"
"377","310","9207.51","false","2010-12-13 09:52:16"
"378","295","2276.5899999999997","false","2021-06-03 20:45:53"
"379","352","55550.71000000001","false","1974-10-01 00:05:11"
"380","400","277663.5","false","2021-06-05 07:46:47"
"381","44","16255.619999999999","true","2006-04-16 10:51:14"
"382","57","55696.75","false","1973-11-04 21:37:37"
"383","100","0.0","false","1988-07-14 13:56:15"
"384","39","103951.65000000001","true","2021-04-21 16:53:07"
"385","132","54371.5","false","1984-10-06 01:18:02"
"386","471","332225.92","true","2003-07-29 18:48:42"
"387","236","1238.45","false","2017-04-14 11:15:55"
"388","115","454911.36000000004","false","1984-12-06 06:40:35"
"389","273","85528.70000000001","true","1970-03-06 17:39:36"
"390","269","6872.0","true","1999-06-12 16:37:22"
"391","259","282411.22000000003","false","2016-04-09 19:13:26"
"392","119","259720.80000000002","false","2004-04-21 13:13:03"
"393","58","16280.33","true","1975-03-12 18:07:56"
"394","418","84867.2","false","1983-04-07 04:46:44"
"395","277","132471.64","false","1979-12-31 23:43:54"
"396","225","338471.76","true","1970-06-15 14:15:24"
"397","158","51363.76","false","1979-12-28 05:06:48"
"398","162","112270.62","true","2009-04-26 16:00:04"
"399","486","39799.08","true","1984-08-04 02:10:22"
"400","488","195140.63999999998","true","2012-11-09 17:48:01"
"401","168","22563.0","true","1974-09-18 07:45:38"
"402","491","10005.76","false","1988-08-28 11:17:43"
"403","216","37278.4","true","1993-10-04 01:07:58"
"404","71","248246.34999999998","true","2020-04-03 00:49:56"
"405","455","158447.87999999998","false","1992-11-24 11:13:07"
"406","264","141514.28","false","1974-07-19 05:10:17"
"407","320","11917.36","true","2019-06-12 18:56:46"
"408","320","18396.0","true","2001-11-02 01:58:39"
"409","416","88889.70999999999","false","2017-02-03 16:40:28"
"410","292","31894.43","false","2008-05-13 10:51:20"
"411","197","7620.57","true","1998-05-28 14:50:20"
"412","34","252556.29","false","1978-06-01 10:48:28"
"413","96","53717.509999999995","false","1981-05-04 17:09:19"
"414","261","301056.32999999996","true","1991-11-08 00:14:35"
"415","8","61339.08","true","1980-05-22 21:37:05"
"416","290","102148.93000000001","false","2002-07-25 19:44:04"
"417","493","266299.76999999996","true","1993-10-01 07:46:21"
"418","119","390507.27","false","1985-11-06 19:10:35"
"419","121","173820.56","true","2000-07-12 20:19:22"
"420","206","48629.130000000005","false","1993-10-09 06:11:43"
"421","150","192047.36","true","1987-06-09 22:42:58"
"422","94","79992.64","true","1971-11-18 15:55:22"
"423","365","65726.36","false","1978-11-30 01:55:44"
"424","407","139983.2","false","1998-07-01 07:22:42"
"425","465","30652.73","false","1975-06-04 22:25:36"
"426","493","100090.71","false","2005-11-21 07:31:58"
"427","48","36552.06","true","2004-12-05 01:45:16"
"428","228","363041.76999999996","false","1992-01-31 00:18:46"
"429","60","97012.5","true","1990-05-18 11:30:22"
"430","38","9971.67","false","1972-07-12 08:57:30"
"431","402","38472.399999999994","true","1971-12-10 07:01:17"
"432","112","4479.1900000000005","true","1995-01-02 05:08:40"
"433","151","88070.85","false","1978-02-04 15:40:06"
"434","191","95230.14","true","1977-02-09 01:08:03"
"435","183","66229.02","false","1985-12-14 13:41:41"
"436","237","46290.259999999995","true","1991-03-12 18:20:48"
"437","94","20043.24","false","1996-02-21 13:04:21"
"438","186","24881.88","false","1975-03-05 21:33:45"
"439","437","138826.92","true","2005-10-29 07:16:08"
"440","69","201309.12","false","1973-03-18 08:22:25"
"441","204","156806.52","true","1980-10-13 00:10:39"
"442","134","34900.32","true","2016-01-08 06:43:58"
"443","40","122343.16999999998","false","1987-01-31 13:47:59"
"444","121","96573.48","false","1995-04-22 15:34:03"
"445","0","87249.6","true","1977-02-19 19:08:53"
"446","127","219310.31999999998","false","2002-12-20 08:06:13"
"447","490","41234.13","false","1975-11-04 11:40:33"
"448","405","370602.0","true","1970-05-16 02:47:34"
"449","129","72243.0","false","1981-06-22 22:34:52"
"450","316","26731.88","false","2010-01-26 12:55:42"
"451","267","14567.16","true","1990-08-19 03:22:46"
"452","193","91482.34","true","1981-11-18 02:36:03"
"453","188","25371.5","true","1971-05-06 20:10:04"
"454","259","76129.38","true","1980-06-03 06:18:33"
"455","437","191041.24","true","1977-05-09 16:57:51"
"456","241","252507.32","false","2008-08-02 15:03:27"
"457","452","177906.78","true","1993-09-19 13:49:34"
"458","156","123444.48","true","2012-12-31 21:33:36"
"459","415","421031.04","true","2018-05-14 01:36:25"
"460","279","333004.46","false","2015-05-25 04:35:45"
"461","389","33819.450000000004","false","2012-02-27 05:55:08"
"462","332","54093.600000000006","true","1984-09-29 21:21:40"
"463","286","92060.51","true","1978-02-01 03:10:42"
"464","392","224437.2","false","2021-03-14 20:03:06"
"465","494","336591.94","true","2016-08-02 12:08:35"
"466","200","8248.0","false","1996-08-23 15:03:33"
"467","398","261683.72999999998","false","2010-09-15 12:53:16"
"468","126","349679.10000000003","false","2005-11-23 19:59:07"
"469","202","399325.5","false","2007-08-11 18:51:16"
"470","440","183014.95","false","2004-11-06 00:02:09"
"471","74","218883.69999999998","false","1980-12-25 07:10:55"
"472","26","14849.91","false","2016-10-28 01:40:38"
"473","58","83476.81999999999","false","1972-04-09 17:08:53"
"474","464","5033.4800000000005","true","2010-07-08 17:16:16"
"475","55","2457.87","true","2006-02-12 12:13:34"
"476","290","0.0","false","1996-11-17 13:18:46"
"477","403","72554.4","false","1976-12-02 17:45:55"
"478","254","57406.4","false","1995-10-22 01:24:07"
"479","454","37242.159999999996","true","2006-05-08 05:30:32"
"480","5","67761.12","false","2010-01-05 10:08:19"
"481","101","171798.66","true","2017-09-05 05:20:06"
"482","401","87648.73","true","2004-10-04 02:59:50"
"483","209","343110.0","false","2008-11-02 08:19:23"
"484","421","58803.2","true","1980-06-16 10:03:41"
"485","7","81789.75","false","1993-01-30 23:20:17"
"486","237","8733.6","false","2006-07-06 21:05:36"
"487","46","111057.76","true","2004-02-06 03:26:48"
"488","444","6119.52","false","1987-02-27 07:49:16"
"489","498","219640.68000000002","true","1997-10-08 22:32:04"
"490","8","134262.34","false","2001-04-16 15:37:36"
"491","184","168307.86","false","1982-01-10 00:41:51"
"492","95","16323.45","false","1989-08-02 10:53:08"
"493","237","356658.72","false","1971-10-30 05:54:52"
"494","458","190075.52","true","2003-07-05 16:55:53"
"495","353","9000.18","false","1979-04-21 10:52:27"
"496","492","77772.09999999999","false","1987-10-04 08:10:06"
"497","201","57172.96","true","2005-07-03 11:27:58"
"498","266","152537.21000000002","false","1974-10-23 01:44:32"
"499","30","133152.97","true","2003-12-20 09:27:40"
"500","247","94195.2","false","2007-01-13 03:33:48"
"501","486","225896.55","false","1993-12-26 19:23:32"
"502","172","152153.72","false","1970-10-10 22:07:20"
"503","390","176354.19999999998","false","2001-03-25 13:48:56"
"504","474","1406.44","true","2008-10-16 11:54:10"
"505","434","47312.82","false","1993-07-06 09:02:48"
"506","413","138240.12","false","1974-06-18 18:24:18"
"507","140","256542.78000000003","true","2009-05-30 05:35:49"
"508","403","35663.14","true","1997-03-31 18:33:12"
"509","135","0.0","true","2002-05-18 12:41:05"
"510","417","80511.48","false","1986-05-31 06:26:36"
"511","56","48255.52","true","2001-08-20 23:30:51"
"512","492","215073.6","true","1990-06-01 20:18:52"
"513","444","5016.959999999999","false","1995-04-20 06:13:20"
"514","152","305319.62","false","2007-09-20 13:27:03"
"515","239","84087.54","true","2017-08-26 18:52:27"
"516","374","232077.94999999998","false","1997-08-08 03:32:07"
"517","469","323743.5","false","1997-02-13 13:11:17"
"518","89","52406.25","false","1987-05-30 08:37:53"
"519","268","326754.34","false","1984-12-15 10:45:52"
"520","442","109250.89","true","2017-04-08 23:11:56"
"521","296","94703.26000000001","true","1993-01-14 10:33:35"
"522","34","35224.0","true","2006-02-17 14:46:04"
"523","253","139238.4","false","1992-02-06 03:49:55"
"524","497","16202.9","false","2017-03-27 14:58:26"
"525","47","46558.4","false","1974-04-14 08:33:09"
"526","147","77310.45","true","1996-09-21 19:01:32"
"527","144","309052.48","true","1980-08-19 15:21:19"
"528","300","184392.15","false","1970-04-16 17:23:02"
"529","222","239020.65","false","2009-03-06 04:24:14"
"530","429","271159.72","true","1984-11-15 18:01:34"
"531","162","39511.47","true","2005-04-02 02:22:04"
"532","160","148036.69999999998","true","1994-07-03 09:35:40"
"533","483","34314.5","false","1970-09-03 07:27:16"
"534","291","71633.92","true","1989-12-02 15:38:06"
"535","415","33161.7","false","2010-10-27 19:29:30"
"536","363","272510.1","true","1989-09-09 19:01:54"
"537","406","75852.24","true","2008-05-02 10:37:38"
"538","229","60255.9","false","1998-07-09 04:25:53"
"539","232","271896.48","true","1970-12-30 15:43:38"
"540","328","4556.3","true","1970-04-17 12:42:20"
"541","156","38263.2","false","1970-01-14 12:37:01"
"542","82","68183.73","false","1980-01-16 00:15:47"
"543","309","97823.56","false","2007-04-15 21:03:57"
"544","4","313116.44","true","1992-08-19 11:58:28"
"545","468","120736.0","false","1975-12-15 18:08:47"
"546","347","12194.880000000001","false","1983-09-12 00:38:08"
"547","81","369167.4","false","2016-06-12 20:22:40"
"548","236","152814.90000000002","true","2018-07-10 20:23:36"
"549","225","76735.44","true","2004-05-16 17:19:41"
"550","240","127014.78","false","2002-03-06 08:23:17"
"551","376","178712.0","true","2009-11-30 21:20:43"
"552","246","7448.400000000001","true","2011-01-17 00:56:58"
"553","499","27633.239999999998","true","1973-02-22 04:55:01"
"554","326","10629.359999999999","true","2020-07-27 20:51:07"
"555","484","8309.67","false","2017-03-22 18:47:08"
"556","455","88850.52","true","1995-06-11 19:54:56"
"557","271","21246.2","true","1996-09-27 11:56:49"
"558","52","23977.62","true","1980-11-16 06:03:34"
"559","180","39362.82","true","1973-11-10 17:16:01"
"560","363","165029.88","true","1985-10-30 14:40:32"
"561","216","116830.08","false","2004-04-28 03:15:29"
"562","177","28508.55","true","2003-05-17 22:36:34"
"563","138","196762.08000000002","true","2012-10-09 12:19:36"
"564","60","120410.93999999999","true","2010-08-12 07:42:15"
"565","149","201198.53999999998","false","1972-03-27 07:11:14"
"566","106","403024.1","true","1991-11-11 08:51:31"
"567","436","316994.75","false","2003-10-08 05:07:19"
"568","124","49972.86","false","1992-04-07 20:07:34"
"569","470","405381.63999999996","false","2014-01-12 17:27:58"
"570","339","85574.28","false","2006-09-30 00:19:48"
"571","50","150258.5","true","1984-05-19 23:59:32"
"572","389","40032.3","true","2013-06-22 18:15:30"
"573","446","28800.64","true","1983-07-05 08:42:05"
"574","131","177407.44","true","1997-05-18 18:19:10"
"575","480","210192.48","false","1985-09-17 21:13:08"
"576","36","4586.64","true","2003-07-20 17:05:56"
"577","440","3636.08","false","1990-04-28 22:31:08"
"578","88","65698.68000000001","true","2021-10-02 05:29:56"
"579","428","154768.0","false","2016-04-24 11:00:08"
"580","60","179866.12","true","2002-08-17 19:56:06"
"581","6","70879.09999999999","false","2005-02-22 14:28:42"
"582","348","72423.56","true","2018-12-25 15:43:50"
"583","206","178333.91999999998","true","2014-03-20 06:06:07"
"584","28","182208.04","false","1970-04-15 22:29:04"
"585","188","44936.43","true","2018-12-02 09:39:46"
"586","499","125281.52000000002","false","2001-01-18 12:29:23"
"587","168","38359.36","false","2011-07-17 07:45:01"
"588","433","118914.14","true","1990-11-10 22:07:57"
"589","247","196001.95","false","2010-11-09 09:45:00"
"590","245","183075.4","false","2017-05-27 15:23:08"
"591","499","78541.98","false","1987-03-20 05:12:26"
"592","257","21151.0","false","2001-12-11 07:41:20"
"593","291","208637.59999999998","false","2000-09-04 06:53:05"
"594","374","290153.57","false","2006-11-09 23:29:12"
"595","23","98866.17","true","2000-07-08 18:18:46"
"596","47","242309.49999999997","true","2004-08-31 11:27:34"
"597","355","84407.73","true","1987-03-11 22:15:38"
"598","426","95860.8","false","2015-09-01 19:59:38"
"599","185","334448.51999999996","true","1997-10-02 06:29:38"
"600","71","316518.15","true","2017-03-25 00:30:15"
"601","439","4468.09","true","2005-07-18 17:52:47"
"602","385","146169.24","true","2013-11-05 12:43:05"
"603","216","13154.96","false","1976-07-12 15:11:57"
"604","430","209160.72000000003","false","2008-03-27 14:12:37"
"605","323","58517.409999999996","true","1999-11-22 15:10:00"
"606","475","425432.7","false","2014-08-07 16:01:38"
"607","124","105169.54","true","1987-03-31 21:26:02"
"608","294","3620.22","true","2009-03-17 09:23:19"
"609","14","82989.98000000001","false","2017-07-16 09:24:29"
"610","49","266156.15","false","2012-07-02 21:55:59"
"611","93","84601.26000000001","true","1979-04-08 18:14:48"
"612","85","14510.699999999999","false","2020-03-25 18:26:16"
"613","425","18046.8","false","2021-12-01 10:48:01"
"614","384","17251.84","true","1974-02-12 10:37:58"
"615","46","101678.22","false","1997-01-24 14:03:19"
"616","224","23793.64","false","1999-08-31 06:14:43"
"617","85","96078.0","false","2001-08-05 14:44:14"
"618","455","29461.88","true","2008-05-29 13:24:55"
"619","430","139663.53","true","2012-04-28 22:16:33"
"620","166","239836.14","false","2000-10-18 02:41:11"
"621","306","2925.75","false","2014-08-24 08:44:03"
"622","480","221318.11000000002","true","1970-12-31 05:27:58"
"623","71","192272.82","true","1980-10-26 11:44:59"
"624","11","55820.700000000004","true","1996-05-22 11:17:04"
"625","263","365361.85","false","1976-10-10 11:56:06"
"626","67","34344.64","false","2018-02-11 21:38:54"
"627","208","160728.12","false","2001-02-07 21:51:14"
"628","245","164994.06000000003","true","1994-03-16 03:27:56"
"629","196","16631.37","false","2013-09-02 23:04:58"
"630","382","35662.72","true","1990-01-15 08:04:18"
"631","420","70735.05","true","1980-01-19 12:54:34"
"632","29","30429.980000000003","true","2002-09-23 11:00:24"
"633","48","76852.8","false","2005-10-17 08:34:00"
"634","134","368311.32","false","1978-07-31 13:58:25"
"635","360","76955.76000000001","false","1989-12-20 20:30:24"
"636","401","61056.600000000006","false","1998-07-25 10:58:02"
"637","477","118454.55","true","2020-02-08 06:00:13"
"638","368","312250.39999999997","false","1978-07-28 00:20:34"
"639","317","315403.55","false","1978-12-15 07:02:16"
"640","319","164606.61","true","2018-04-28 19:12:50"
"641","208","63188.4","true","1977-03-09 09:24:10"
"642","247","92834.76","true","1982-10-06 17:39:24"
"643","294","112031.75000000001","true","1981-08-04 15:06:10"
"644","199","198339.51","false","1976-06-20 17:32:01"
"645","373","100395.54","false","1995-12-12 01:34:45"
"646","228","49886.2","false","1973-03-24 15:55:46"
"647","341","199413.47999999998","true","2006-03-13 02:18:04"
"648","402","24922.699999999997","false","1988-08-25 04:13:28"
"649","367","205393.66","true","1992-06-20 03:47:53"
"650","314","429929.92","true","1993-12-13 14:49:10"
"651","333","18121.76","true","1984-02-28 13:48:55"
"652","108","104244.26","false","1990-09-10 17:09:31"
"653","396","234797.34","false","1972-12-24 15:33:06"
"654","444","105079.12000000001","true","2009-01-26 01:22:32"
"655","18","79504.74","false","2005-05-15 04:21:29"
"656","47","51949.31999999999","true","2000-09-26 14:16:29"
"657","18","10358.11","false","1987-06-08 23:55:21"
"658","319","57235.2","false","2014-02-17 22:46:24"
"659","423","443958.0","true","2012-12-01 18:11:10"
"660","110","13297.68","true","1999-06-17 09:04:21"
"661","138","6284.969999999999","false","2002-08-15 08:46:18"
"662","186","157584.25999999998","false","2010-03-21 18:55:08"
"663","160","143578.72","true","1978-06-22 06:39:34"
"664","81","267998.39999999997","false","2006-07-25 03:22:08"
"665","239","4150.8","false","1994-11-28 14:04:45"
"666","39","1222.6399999999999","false","1991-11-12 08:46:40"
"667","332","90510.24","true","2000-06-23 13:10:39"
"668","40","108425.52","true","1975-12-22 04:32:19"
"669","98","461719.17","false","1972-12-19 11:04:59"
"670","394","115462.62000000001","false","2009-04-29 12:48:58"
"671","180","301144.98","false","1977-06-24 13:13:45"
"672","135","93115.40000000001","true","1990-06-16 08:24:13"
"673","443","230989.44","false","1990-01-16 10:30:43"
"674","281","14099.4","false","1990-07-07 18:00:02"
"675","18","200922.9","false","2014-06-26 08:10:39"
"676","23","95364.99","true","1981-01-04 07:42:03"
"677","192","177921.16","true","1975-08-08 10:14:32"
"678","51","351030.77999999997","true","1979-09-08 22:23:07"
"679","354","66668.34999999999","false","1995-06-20 15:48:12"
"680","149","71228.08","false","1976-05-25 15:11:21"
"681","301","208836.99000000002","true","2007-01-24 03:06:42"
"682","46","60205.159999999996","true","1974-01-21 18:41:19"
"683","163","85177.95","false","2013-08-28 23:38:01"
"684","70","12724.039999999999","true","2004-01-23 04:18:21"
"685","415","12487.2","true","1978-01-08 17:57:51"
"686","424","243278.28","true","1972-11-02 23:07:52"
"687","283","420160.98","true","1984-08-14 10:44:32"
"688","233","9384.48","false","1977-10-13 10:43:59"
"689","264","343218.0","false","1975-05-07 14:55:48"
"690","380","27323.399999999998","false","2002-02-27 05:38:23"
"691","473","54209.7","true","1982-09-05 00:58:54"
"692","362","9730.94","false","2020-01-31 12:13:39"
"693","55","59173.4","true","2017-02-20 11:48:57"
"694","12","1555.1999999999998","false","2009-05-07 19:39:15"
"695","158","349806.60000000003","true","2015-10-20 10:37:18"
"696","15","219489.27","true","1975-03-01 04:01:39"
"697","142","293809.23","false","2021-04-15 04:36:31"
"698","420","83209.92","false","2013-08-31 11:13:00"
"699","70","53913.86","true","1992-12-31 04:32:31"
"700","359","250838.91","true","2009-11-25 15:02:07"
"701","480","319220.26","true","2001-11-02 08:40:46"
"702","455","61800.0","true","1976-06-05 07:29:15"
"703","276","30621.76","true","1997-07-25 06:57:16"
"704","51","51010.5","false","1984-05-10 18:41:34"
"705","227","248941.62","true","1990-03-27 01:54:32"
"706","473","105334.79999999999","true","1990-09-23 08:04:18"
"707","385","392781.60000000003","false","1991-09-25 04:03:56"
"708","312","72726.94","false","1971-07-01 05:06:06"
"709","263","21922.56","true","1982-05-07 16:14:05"
"710","189","228343.71000000002","true","1990-01-11 12:36:59"
"711","5","335718.11","true","2008-01-09 02:30:17"
"712","3","200653.1","true","2003-06-17 23:11:39"
"713","266","68911.5","true","1996-07-16 03:17:35"
"714","219","11450.4","true","2014-07-02 18:55:29"
"715","459","2388.34","false","2003-12-17 19:18:49"
"716","361","41076.9","false","2001-12-10 05:17:13"
"717","198","49012.950000000004","false","2012-12-16 13:36:07"
"718","206","2612.16","true","2002-10-31 02:33:47"
"719","61","388251.24","false","1971-01-05 11:34:39"
"720","187","170055.6","false","2004-02-02 23:34:07"
"721","480","256550.47","true","2018-08-21 06:54:44"
"722","174","162285.24","false","1981-02-10 09:02:25"
"723","306","33524.75","true","1981-05-06 03:17:24"
"724","75","119907.79999999999","false","1989-03-27 04:55:50"
"725","216","262215.04","true","1985-09-15 04:18:53"
"726","380","291.25","false","1977-06-27 11:13:36"
"727","177","208101.59999999998","true","1988-12-11 03:29:17"
"728","78","14864.849999999999","true","2017-11-15 02:00:14"
"729","409","9781.66","true","2020-03-10 15:41:03"
"730","202","367681.6","false","2016-10-04 02:12:05"
"731","379","18428.67","false","1974-06-28 16:10:33"
"732","190","435723.83999999997","true","2017-11-24 09:06:38"
"733","24","133370.96","true","1970-03-04 11:27:16"
"734","179","175216.84","true","1975-10-05 04:51:53"
"735","243","105592.74","false","1989-03-12 06:08:30"
"736","47","111123.6","false","1992-11-08 09:56:48"
"737","61","76392.9","true","1990-03-11 22:34:58"
"738","421","357722.5","false","1998-08-03 12:33:15"
"739","81","57970.780000000006","false","1979-05-20 20:01:58"
"740","105","68255.19","true","2003-12-30 16:57:07"
"741","218","33010.56","true","1980-01-21 05:27:12"
"742","319","35604.36","true","2015-09-30 14:33:44"
"743","252","173034.0","true","2001-11-20 08:43:51"
"744","363","9756.0","true","1998-05-26 05:02:49"
"745","80","68984.23999999999","false","2021-05-26 09:11:39"
"746","196","220684.24","true","2019-02-22 14:35:17"
"747","33","220954.72","true","1972-04-25 13:01:11"
"748","71","13194.18","false","1992-04-13 16:17:24"
"749","184","736.12","true","2020-07-28 21:59:25"
"750","457","154757.88","false","1991-04-04 16:59:32"
"751","31","90320.79","true","1996-09-07 13:01:51"
"752","1","16701.89","false","2012-02-29 18:00:50"
"753","200","204404.75999999998","true","1978-11-05 02:57:09"
"754","358","5048.68","false","1993-04-30 03:11:34"
"755","98","174400.98","false","2018-02-17 08:24:24"
"756","376","0.0","false","1972-12-08 07:59:08"
"757","65","284938.92","true","1998-12-12 02:09:30"
"758","342","125705.14","false","2011-10-13 13:22:34"
"759","490","31051.859999999997","false","1970-05-16 15:26:56"
"760","35","150550.96","false","1998-09-13 10:16:35"
"761","472","222815.59999999998","true","1989-10-24 13:59:00"
"762","89","314389.19","true","2002-07-08 20:06:51"
"763","148","75844.86","true","1978-04-24 02:35:09"
"764","271","7898.6","false","1985-06-26 20:56:04"
"765","8","266088.84","false","1987-02-07 16:31:04"
"766","14","40555.75","true","1988-07-30 20:23:52"
"767","42","18848.72","false","2004-12-26 03:21:03"
"768","207","19114.5","true","2006-12-13 17:22:36"
"769","2","34128.57","true","1972-07-14 12:53:55"
"770","242","51316.92","false","1970-03-30 08:40:41"
"771","497","240309.19999999998","true","2002-07-14 05:21:54"
"772","27","170532.94","false","1989-10-05 16:37:04"
"773","117","179935.84","false","1978-06-06 17:39:04"
"774","478","207069.3","true","1987-03-09 13:15:20"
"775","413","225811.8","true","1971-11-01 22:34:55"
"776","205","129460.0","false","1992-04-09 17:01:05"
"777","267","138987.57","false","2015-01-19 12:03:54"
"778","455","13515.12","false","1984-12-09 08:27:26"
"779","55","266961.42000000004","false","1973-07-26 22:09:01"
"780","450","82861.35","false","1971-08-17 09:48:15"
"781","236","117958.68000000001","true","1973-01-24 04:07:49"
"782","38","368576.64","false","1994-03-03 08:15:17"
"783","298","112389.42","true","2003-12-15 19:18:41"
"784","128","323589.0","true","1990-01-20 08:39:35"
"785","455","36998.4","false","1994-04-03 16:38:47"
"786","395","262618.83","false","2006-07-31 18:23:53"
"787","137","169360.74","true","1997-01-05 03:13:21"
"788","258","48699.04","true","1982-03-13 16:35:53"
"789","461","104787.75","true","1985-03-30 04:19:07"
"790","28","49842.96","true","2007-03-03 02:05:54"
"791","391","27.1","true","1975-06-18 20:53:37"
"792","87","4044.33","true","1977-09-20 03:21:33"
"793","438","348511.05","false","1970-06-22 02:01:04"
"794","86","6938.8","true","1978-01-22 01:33:06"
"795","21","78653.95999999999","true","2010-12-09 17:36:23"
"796","23","226591.75","false","2004-05-16 21:12:35"
"797","334","27621.0","true","1978-07-14 10:26:44"
"798","403","8904.64","true","2009-09-19 13:37:09"
"799","322","8790.599999999999","true","2001-04-19 03:21:59"
"800","34","63589.01","false","2004-02-16 03:39:59"
"801","479","442826.0","false","1996-08-16 18:22:19"
"802","210","77731.20000000001","false","2010-08-09 08:15:26"
"803","7","339382.5","true","1994-09-03 02:18:23"
"804","74","294644.64","false","2002-10-22 19:26:24"
"805","129","87072.03","false","2011-05-25 09:01:37"
"806","362","88111.62","true","1973-12-25 14:45:12"
"807","356","137946.9","false","2021-09-12 20:57:47"
"808","151","266154.24","true","2009-08-24 16:30:53"
"809","77","55466.62","false","1995-01-09 12:33:52"
"810","46","78704.05","false","2008-05-04 21:57:05"
"811","161","259534.80000000002","true","2002-12-06 17:58:37"
"812","386","183356.55","false","2003-09-05 22:03:16"
"813","407","235.25","true","2002-07-14 19:29:01"
"814","327","270502.74","false","1981-05-09 02:48:21"
"815","367","3074.03","false","1972-03-12 12:07:48"
"816","79","264410.3","true","2018-12-21 16:58:21"
"817","497","217365.75","true","1976-03-07 21:40:54"
"818","168","8054.299999999999","false","2007-07-22 12:44:21"
"819","308","293358.02","true","2005-05-08 20:03:26"
"820","262","20977.199999999997","false","2004-09-18 02:11:43"
"821","495","29232.18","false","2011-02-21 00:06:59"
"822","309","114583.92","true","2008-02-08 09:29:08"
"823","45","159706.0","true","2007-10-16 04:19:46"
"824","396","358092.78","true","1996-07-02 17:32:50"
"825","49","21203.44","true","2016-01-15 07:52:42"
"826","200","157662.0","false","1982-10-31 12:11:53"
"827","189","213382.65000000002","false","1970-01-23 17:42:52"
"828","257","448563.57000000007","false","2017-05-05 07:26:55"
"829","166","79435.95","true","1970-01-18 05:45:47"
"830","159","53040.44","true","1993-10-07 10:33:43"
"831","258","74494.4","false","1995-10-01 16:09:09"
"832","358","285338.96","false","2000-08-11 17:38:55"
"833","237","52806.3","false","1970-09-26 20:42:13"
"834","210","220694.81","false","2015-05-29 23:52:30"
"835","74","103865.5","false","2003-07-14 10:51:21"
"836","28","368776.58999999997","false","1977-03-06 04:06:44"
"837","96","51469.56","true","1975-07-31 23:37:46"
"838","196","39127.86","true","1980-06-11 04:46:35"
"839","187","6455.88","false","2009-06-29 19:21:40"
"840","164","72820.16","false","1986-01-06 17:30:45"
"841","182","9178.470000000001","false","2010-03-13 11:51:53"
"842","124","77525.78","false","2002-05-27 10:32:25"
"843","99","61307.65","true","1985-01-24 08:13:24"
"844","180","281676.78","false","1979-12-20 07:44:48"
"845","401","29056.65","true","2016-05-30 22:24:08"
"846","173","411706.25","false","2015-08-29 11:55:02"
"847","217","84432.96","true","1991-09-14 11:35:37"
"848","450","436546.33999999997","false","2011-04-04 12:32:08"
"849","430","33646.8","true","2011-10-31 10:21:55"
"850","148","7819.68","false","1995-09-23 04:00:30"
"851","102","45239.76","true","1986-01-07 08:21:00"
"852","97","188463.42","false","1976-03-13 16:36:57"
"853","459","29374.62","true","2020-11-23 05:28:41"
"854","15","118386.31999999999","true","1979-03-23 03:14:11"
"855","280","43834.57","false","1987-05-02 14:29:44"
"856","439","265126.62","true","1988-04-20 16:18:45"
"857","416","66595.8","true","1989-04-03 17:56:44"
"858","113","17666.0","true","1991-05-29 23:13:46"
"859","342","70472.0","true","2014-11-13 03:22:23"
"860","240","17818.920000000002","false","2005-01-31 06:25:27"
"861","167","4210.08","false","1979-03-06 14:34:41"
"862","251","215397.59999999998","true","2012-12-18 18:05:07"
"863","183","352474.64999999997","true","1980-07-02 06:08:13"
"864","104","31542.82","true","1987-12-09 07:32:39"
"865","199","179540.28","true","1979-02-05 02:21:51"
"866","165","57591.21","false","2005-06-30 05:21:52"
"867","381","3603.6000000000004","false","1975-06-28 00:29:32"
"868","80","32764.29","true","2010-09-23 11:01:17"
"869","454","227382.54","false","1994-11-04 13:44:16"
"870","90","238052.52","false","1989-10-22 00:15:59"
"871","334","35400.3","true","1979-05-29 10:59:31"
"872","185","19175.68","true","2003-12-31 22:17:51"
"873","127","155945.4","false","2015-08-03 23:32:04"
"874","80","170721.53999999998","true","2014-04-24 13:46:37"
"875","170","140080.85","true","1979-04-30 18:44:35"
"876","145","177607.80000000002","false","1985-12-03 18:19:09"
"877","239","52783.920000000006","true","1974-06-28 07:40:56"
"878","145","172964.05","true","1989-08-31 08:40:43"
"879","479","290404.91","true","1983-02-04 20:08:58"
"880","59","2106.23","true","2001-05-09 21:25:04"
"881","188","129315.33","true","2009-04-13 05:35:45"
"882","440","233514.0","false","1991-03-01 00:07:54"
"883","255","81621.48000000001","false","1984-03-18 16:11:08"
"884","246","145945.24","true","1982-09-27 23:16:11"
"885","417","137798.72","true","2008-05-07 17:34:27"
"886","245","159115.6","false","1992-05-05 03:19:52"
"887","12","37319.2","false","1980-06-05 07:40:55"
"888","460","12957.9","true","1985-03-12 15:33:11"
"889","208","280398.17","true","1976-01-24 00:47:53"
"890","329","168630.84","false","1972-12-28 07:32:10"
"891","383","7388.18","false","2012-08-27 11:49:25"
"892","79","55233.38","false","1991-12-05 05:26:54"
"893","406","18778.41","false","1988-06-01 07:06:06"
"894","49","53433.51","true","2012-05-24 14:17:36"
"895","98","44211.56","false","1992-08-20 06:26:19"
"896","434","10468.48","false","2016-10-08 15:23:20"
"897","469","0.0","true","1976-10-23 22:19:48"
"898","467","76541.76","true","2015-06-07 17:35:55"
"899","207","154991.87999999998","false","1999-01-27 17:07:25"
"900","473","311240.8","true","2018-10-28 17:56:09"
"901","18","32738.43","false","2004-07-13 03:24:45"
"902","485","112818.09","true","1972-04-18 18:54:21"
"903","196","112723.23000000001","false","2007-02-23 06:58:03"
"904","238","13715.76","true","1974-12-29 18:01:02"
"905","155","19198.9","false","2014-05-30 19:24:47"
"906","138","20861.94","false","1998-09-11 05:54:14"
"907","405","11454.15","true","2016-07-05 04:08:56"
"908","390","26652.800000000003","false","2014-03-06 08:55:46"
"909","339","91623.59999999999","true","2017-09-10 13:04:29"
"910","345","24915.32","false","1993-12-04 16:57:55"
"911","488","43324.159999999996","false","1998-12-18 21:58:41"
"912","436","115492.0","true","1998-06-01 00:13:12"
"913","80","4304.34","false","1993-06-30 16:38:04"
"914","286","6361.08","false","2012-04-24 15:17:50"
"915","228","8765.24","true","1970-08-30 17:31:42"
"916","89","25209.6","false","1985-04-25 09:57:06"
"917","261","204726.68","false","1997-01-05 05:41:40"
"918","341","294178.13","false","2016-02-12 15:57:39"
"919","215","47161.50000000001","true","2011-11-26 01:25:19"
"920","483","62891.200000000004","true","1993-08-27 11:21:52"
"921","19","63786.32000000001","false","1970-10-03 11:18:27"
"922","212","74687.97","false","1986-12-21 07:07:38"
"923","388","248333.59","false","2001-08-27 12:52:25"
"924","249","34754.72","true","1988-02-20 08:54:35"
"925","325","9249.519999999999","true","1989-09-23 13:19:32"
"926","349","213203.00000000003","true","1994-11-07 01:25:19"
"927","68","39308.76","false","2015-08-02 03:43:49"
"928","36","23447.82","false","2018-01-22 16:19:00"
"929","334","145100.12","true","1990-03-21 14:11:40"
"930","126","320003.45","false","1975-07-26 13:43:06"
"931","458","27634.44","false","2017-07-25 12:03:34"
"932","300","66679.2","true","2014-07-03 08:56:22"
"933","62","313025.0","false","2003-10-22 01:23:52"
"934","349","14698.079999999998","true","2000-07-20 21:16:17"
"935","130","83827.4","true","1988-05-23 06:31:07"
"936","478","169449.3","true","1982-11-03 15:19:51"
"937","97","19356.8","false","1973-08-10 13:38:09"
"938","26","153662.73","false","1993-11-05 13:40:57"
"939","75","107952.48","false","1979-08-20 08:49:03"
"940","367","131466.5","true","1996-08-13 02:26:58"
"941","473","21347.04","true","2001-10-11 02:01:52"
"942","353","75965.12","true","2012-01-16 08:51:20"
"943","91","68489.56","false","2015-10-03 01:08:56"
"944","235","164083.16","false","1992-08-08 21:16:41"
"945","417","265154.76","true","2008-12-15 05:32:31"
"946","294","30358.8","false","1994-03-03 21:28:49"
"947","266","38603.600000000006","false","1989-01-09 06:17:09"
"948","63","124214.51","false","2020-06-29 11:11:08"
"949","393","210302.72","false","1988-11-20 16:13:10"
"950","486","0.0","false","2018-11-25 03:24:05"
"951","474","5626.799999999999","true","2008-06-01 09:53:03"
"952","144","38321.69","false","1971-09-01 02:37:44"
"953","483","36744.4","true","1997-02-20 23:31:19"
"954","41","52184.63","false","2008-06-05 14:49:00"
"955","399","10973.49","false","1995-11-26 19:42:59"
"956","358","224841.99999999997","false","2009-07-25 10:43:15"
"957","82","44323.799999999996","true","2011-09-10 08:44:53"
"958","215","272526.31","true","2014-03-05 04:12:33"
"959","498","5750.12","false","2004-10-04 20:21:07"
"960","341","115387.8","false","2007-10-09 11:10:18"
"961","17","0.0","true","2000-07-15 23:13:52"
"962","109","38850.44","false","1972-12-10 04:02:30"
"963","352","256817.74000000002","true","2002-12-21 07:42:09"
"964","239","83356.56","false","2021-03-21 21:40:27"
"965","287","100642.56","false","1990-11-29 03:39:42"
"966","78","4267.62","false","1987-08-20 20:20:47"
"967","76","156279.29","false","2014-04-09 11:39:20"
"968","10","718.08","false","1992-01-30 11:16:02"
"969","180","260990.91","true","1974-12-21 18:46:03"
"970","282","6416.799999999999","true","1982-07-14 06:43:14"
"971","82","124166.45999999999","false","2010-08-07 20:54:14"
"972","463","232502.86000000002","false","2010-12-30 12:10:21"
"973","92","177086.66","false","1986-04-29 02:19:00"
"974","438","23202.899999999998","true","1989-05-20 18:19:18"
"975","224","19023.12","false","1991-05-10 15:12:37"
"976","195","80645.88","false","1975-03-25 21:06:18"
"977","321","288970.08","false","2003-05-09 22:11:31"
"978","27","13452.39","false","1994-11-08 00:36:08"
"979","34","42526.35","true","1982-02-27 23:10:18"
"980","341","113744.45","true","1993-02-19 04:42:45"
"981","291","34600.8","true","1972-08-23 07:01:01"
"982","397","10168.08","false","2007-05-30 17:17:26"
"983","431","124708.92000000001","false","1996-01-12 17:14:02"
"984","348","119383.84","false","2017-07-31 01:51:55"
"985","455","297872.12","false","1995-10-06 10:03:15"
"986","420","49524.53","true","2011-05-21 13:01:28"
"987","429","199903.55000000002","false","1992-11-09 17:31:08"
"988","496","328825.4","true","2017-06-04 17:58:19"
"989","218","57460.56","false","1981-01-25 10:20:09"
"990","388","405880.0","true","1980-02-18 09:20:55"
"991","46","2860.37","false","2016-03-26 02:44:59"
"992","299","120934.34000000001","false","1978-01-25 02:09:30"
"993","92","4007.35","true","2009-09-22 15:32:00"
"994","432","20207.52","true","1973-04-21 17:43:50"
"995","465","18965.32","true","2002-08-15 05:42:46"
"996","158","5103.8","true","1986-06-20 02:23:47"
"997","256","98383.23999999999","false","1996-06-28 11:50:09"
"998","481","21699.84","false","2019-05-12 08:49:02"
"999","253","21382.600000000002","false","2000-05-22 17:02:06"
