"229","108","8235","144.60","97","false","2015-04-11 22:25:11"
"422","914","3683","4667.53","88","false","1970-11-16 05:47:04"
"399","814","5529","3063.83","54","false","1993-12-17 21:53:55"
"100","5","3504","1808.52","61","false","2013-07-10 19:17:02"
"59","791","8085","211.38","59","false","1988-11-06 13:32:04"
"269","501","5533","4349.21","28","true","1985-01-09 05:13:18"
"351","645","1173","301.81","85","false","1987-08-10 21:57:52"
"141","181","5446","2605.95","97","false","1995-11-13 08:49:21"
"402","438","9239","4198.33","65","true","1994-04-12 13:35:45"
"254","497","2452","3655.12","83","false","1970-01-26 21:10:50"
"489","46","2413","3641.21","67","true","2006-03-26 22:31:54"
"10","778","5167","3276.46","66","false","1996-06-07 04:10:16"
"294","241","8327","2705.02","40","true","1975-08-11 13:50:22"
"152","228","5158","1917.62","58","true","1977-02-05 00:25:20"
"280","658","7779","3438.22","5","true","2018-07-18 11:09:01"
"208","274","2612","823.39","15","true","1973-07-26 01:54:53"
"28","589","1330","1506.29","57","false","2009-11-12 20:57:16"
"444","743","8025","2891.60","94","true","1986-06-01 22:48:22"
"229","579","9599","4924.07","81","false","1997-04-18 11:14:35"
"476","806","6205","3358.73","72","true","1987-08-15 17:09:13"
"395","567","9055","4506.66","23","true","1995-04-04 18:17:07"
"12","806","175","3256.30","81","false","2007-09-22 02:17:48"
"18","492","6727","1828.27","0","false","1978-07-21 21:00:07"
"235","721","2461","428.75","76","false","2001-01-16 16:37:17"
"83","173","6037","4331.31","29","true","1993-05-27 12:31:26"
"185","644","4988","1736.60","41","true","2007-01-06 15:03:20"
"379","911","1845","1436.42","31","false","2007-08-08 10:20:20"
"300","990","4183","1718.96","25","false","2010-08-28 13:02:58"
"380","689","1785","3151.14","98","false","2000-11-04 08:05:54"
"74","985","8777","3411.62","89","true","2008-12-13 20:03:41"
"278","66","4620","3466.84","7","false","2019-11-23 20:53:32"
"126","551","5725","4718.65","95","true","2016-07-13 18:58:22"
"92","297","3486","2216.76","52","true","1991-07-13 16:40:51"
"494","915","9342","2081.34","34","false","2013-11-22 04:51:54"
"317","598","3424","2674.70","11","true","1971-12-04 04:38:14"
"175","590","2089","3538.05","56","true","1986-11-10 07:20:02"
"228","188","7287","1456.73","0","false","2005-04-06 06:55:41"
"269","450","6412","1416.03","54","true","1991-07-25 11:21:03"
"430","499","6073","2664.84","8","false","1972-09-29 06:19:52"
"468","133","5800","2648.10","19","false","1972-06-16 02:34:23"
"37","632","3472","2511.28","7","true","2007-03-08 01:30:00"
"18","117","8199","4277.01","14","false","2012-06-07 19:06:59"
"231","549","8692","228.66","33","true","1977-06-16 02:06:46"
"350","445","7595","159.52","27","true","2004-06-26 08:20:33"
"293","265","837","3384.71","83","false","1972-12-24 02:47:05"
"277","888","9412","4049.89","13","true","2011-09-18 10:46:29"
"131","244","8366","181.79","22","false","1994-12-12 17:49:05"
"100","106","4805","2101.31","3","true","1998-08-25 16:35:23"
"316","102","6810","1881.70","32","true","2017-05-25 01:42:36"
"74","859","142","1516.36","52","true","1985-02-03 00:45:50"
"479","644","599","3812.03","100","true","1985-10-20 23:44:49"
"153","104","2346","1471.66","18","true","1985-02-14 06:18:16"
"46","301","3763","2120.89","19","false","2011-06-20 15:38:13"
"312","676","7535","4993.13","68","false","1982-03-16 02:55:05"
"308","866","8971","1962.72","8","true","1976-10-05 10:21:39"
"379","469","5956","4952.52","51","true","2011-04-16 18:45:33"
"396","839","4091","132.60","69","true","2018-10-21 13:37:12"
"162","503","9260","1987.83","8","true","1978-04-09 15:42:31"
"447","463","8995","4976.88","14","false","2014-07-24 12:16:17"
"231","105","6111","4133.38","57","true","1991-01-01 18:23:35"
"454","806","1608","522.48","92","false","1974-08-18 05:17:12"
"52","308","8085","2594.61","28","true","2015-05-18 02:24:43"
"307","237","4995","1074.48","52","true","2005-01-07 19:14:04"
"494","723","9894","3941.99","50","true","1987-03-27 20:53:28"
"414","681","3912","413.70","83","false","2006-02-13 09:43:15"
"391","783","9423","3828.28","53","true","2017-10-14 10:48:16"
"234","215","9539","920.34","69","false","1988-10-08 02:19:06"
"161","865","1942","4666.12","1","false","1987-12-21 02:11:34"
"483","418","1048","1953.10","66","false","2005-09-11 18:14:18"
"407","645","7709","342.15","14","false","1979-07-30 00:14:13"
"96","848","8180","3138.17","39","false","2006-08-31 01:02:39"
"169","921","7047","435.35","73","false","2019-06-19 15:13:54"
"320","896","8890","4875.79","79","true","1993-01-16 17:46:46"
"299","304","4360","2528.15","9","false","2003-10-12 10:25:18"
"17","23","1428","1321.83","89","false","1985-11-30 09:15:32"
"26","655","695","3847.84","75","false","1991-05-18 22:04:14"
"423","243","3802","2978.74","53","false","1994-08-03 10:05:35"
"368","424","7845","1350.52","87","false","2006-03-02 15:19:44"
"282","342","4677","3773.25","77","false","2016-12-10 23:53:49"
"242","97","7085","1833.05","52","true","2007-10-16 13:55:35"
"60","53","5608","173.92","32","false","2020-11-07 19:00:42"
"476","405","9391","1676.76","93","false","2000-10-09 23:49:10"
"440","549","2004","1627.00","59","true","1986-10-21 13:12:19"
"74","646","3494","1234.34","54","true","1992-05-10 13:07:06"
"294","337","4055","1057.40","63","false","1977-09-13 22:40:50"
"338","11","8783","1507.89","44","false","1986-05-12 11:46:17"
"114","772","7077","1353.84","69","false","2003-08-26 13:59:24"
"393","376","3663","4602.12","19","true","2019-10-18 15:07:26"
"226","235","606","2521.51","56","true","1986-10-01 23:31:26"
"154","436","902","851.90","48","true","2018-11-12 16:09:21"
"288","651","2704","2533.97","65","true","2018-12-11 16:08:46"
"298","969","822","2465.20","23","true","1979-08-22 18:07:47"
"315","204","2372","2152.37","9","true","2020-07-15 09:25:06"
"484","729","7570","3420.94","47","true","1989-06-05 03:41:41"
"130","766","4498","1837.62","39","true","1994-07-14 17:48:05"
"186","672","8380","4192.85","67","true","1977-11-20 07:48:45"
"91","14","839","247.11","1","false","1974-06-02 18:03:38"
"317","673","4855","4641.52","85","false","1989-12-01 05:27:04"
"18","615","9475","3646.96","3","false","2020-09-16 21:33:46"
"259","951","9412","1546.97","14","false","2004-03-03 11:49:09"
"144","474","7268","934.90","42","true","1974-12-22 00:25:36"
"474","309","5658","3035.22","86","false","1994-11-27 15:53:20"
"463","327","7985","3175.88","93","true","2002-02-09 14:19:24"
"484","693","8351","4244.40","77","true","2012-12-27 19:44:50"
"298","425","440","1164.42","92","false","2015-02-06 22:36:20"
"345","563","1233","572.43","10","false","1988-03-04 16:30:07"
"250","633","6937","3785.10","89","true","2007-07-26 00:02:55"
"121","218","267","1144.81","42","false","2016-02-01 19:26:19"
"320","16","1741","226.57","52","false","2019-02-02 02:28:38"
"433","593","3462","1713.72","31","false","2005-04-21 08:38:55"
"384","128","745","2576.20","97","true","1971-10-08 16:40:34"
"462","885","1976","2850.95","67","true","2003-07-16 07:21:33"
"277","441","8579","4401.24","82","false","2004-12-01 10:29:00"
"66","52","4885","561.83","57","false","1974-11-24 07:42:01"
"128","379","8314","3459.17","19","false","1974-08-06 17:13:35"
"30","184","6336","532.32","63","true","1997-06-15 23:49:35"
"443","635","1564","3845.48","99","false","1998-02-06 13:00:24"
"222","181","8057","98.72","10","true","1975-06-19 10:10:05"
"43","667","6418","4755.83","5","false","2013-08-19 10:30:24"
"82","410","9183","2015.92","44","true","1983-10-02 21:28:11"
"351","246","1937","2805.71","37","false","2010-05-05 15:31:12"
"31","43","6466","4236.08","63","true","1987-09-02 23:47:45"
"103","518","6903","1166.18","86","false","1980-11-10 08:49:39"
"62","610","5803","3497.09","89","true","2004-01-10 16:58:03"
"248","491","5017","3433.68","2","false","2010-10-31 14:15:42"
"205","236","1620","2391.90","49","false","1992-03-11 05:27:37"
"180","280","9329","563.50","80","true","1972-06-12 09:49:14"
"312","287","6696","724.82","45","false","2021-06-09 22:04:56"
"10","643","793","3588.11","45","true","1988-01-24 17:27:59"
"96","823","348","975.52","7","false","2015-06-21 12:08:01"
"337","887","693","496.02","36","false","1992-04-21 20:42:29"
"457","321","6367","1812.38","12","false","2010-02-02 21:42:17"
"364","49","2535","984.33","21","true","2011-04-28 16:02:53"
"165","82","9072","429.41","82","false","1979-07-24 08:48:12"
"71","209","2043","1460.28","14","true","1985-12-26 16:43:54"
"384","89","6412","1407.50","94","false","1975-10-04 13:46:39"
"454","14","7658","4751.31","92","false","2016-10-14 05:33:49"
"464","702","7256","1318.40","99","true","2021-11-16 16:56:57"
"124","691","5807","159.13","70","false","1989-11-20 02:08:46"
"438","501","2208","1803.51","42","true","2021-02-24 11:09:31"
"466","151","7572","4952.91","49","true","2001-10-13 12:59:11"
"359","501","6566","925.84","15","true","1988-06-20 18:25:25"
"174","240","9050","951.29","30","false","2009-06-17 17:55:20"
"268","166","5827","2555.38","39","true","1998-08-12 14:43:21"
"249","87","9801","2216.84","24","false","2019-12-15 22:36:53"
"9","48","7000","4455.76","53","false","2008-04-19 12:28:36"
"358","194","3178","4367.96","70","false","1991-07-02 19:03:08"
"422","972","6648","2521.50","20","false","2006-11-01 14:25:44"
"315","545","5613","2250.31","90","false","2016-05-21 14:36:58"
"259","180","9353","2907.64","77","false","1993-09-14 07:15:35"
"160","975","8693","3512.49","21","false","2005-10-27 23:40:57"
"146","279","5408","202.58","73","false","1976-06-24 10:52:09"
"276","912","1589","3231.65","73","true","1985-10-18 05:43:04"
"352","286","9102","1923.26","11","false","2008-10-13 04:03:59"
"413","304","3299","756.88","8","false","2012-10-15 15:27:55"
"125","640","1589","560.76","73","false","1972-06-28 16:49:27"
"130","193","6324","3539.64","44","false","1973-09-22 19:32:38"
"474","643","7951","1949.44","80","true","2011-03-02 22:49:35"
"296","513","9435","392.55","88","true","1977-05-16 15:38:45"
"134","197","5736","663.76","62","true","1989-08-25 17:39:07"
"447","274","7055","3092.75","20","false","2017-01-10 05:17:28"
"183","577","2511","3368.00","97","false","2013-01-15 09:58:25"
"423","101","9800","1978.46","79","true","1974-12-15 07:43:32"
"399","227","4659","1073.32","55","true","2000-08-03 02:16:20"
"468","359","3509","4052.98","44","true","2009-10-13 18:09:02"
"342","691","7470","3591.62","44","true","2004-06-16 06:41:16"
"18","866","6240","4972.76","21","false","1975-05-22 00:33:07"
"218","823","8441","1981.56","82","true","1989-10-07 19:13:34"
"485","568","317","2952.91","25","true","2017-09-11 01:24:51"
"97","321","5991","4775.41","56","false","1983-04-06 01:43:29"
"453","934","1607","2658.53","55","true","1985-05-29 04:19:55"
"465","451","3845","2511.85","0","false","2016-12-18 23:33:09"
"105","782","3691","1572.11","15","true","1975-08-02 04:09:54"
"391","326","5656","126.47","61","false","2015-09-14 03:41:13"
"150","211","6584","4884.21","61","false","2013-02-16 20:50:29"
"413","969","2143","2221.16","98","false","1997-04-16 12:07:54"
"222","767","4683","2943.04","93","false","1995-09-26 15:41:19"
"311","276","268","4371.28","92","false","1996-08-20 03:58:58"
"215","553","6572","4666.66","58","false","1986-07-23 16:57:41"
"59","76","8070","1850.10","87","false","2010-10-14 00:32:57"
"491","248","312","4109.08","50","false","2000-03-24 22:24:53"
"218","316","2821","4512.02","96","false","2021-04-14 03:42:27"
"419","31","2022","3855.03","22","false","1993-06-14 14:55:48"
"95","688","933","4484.33","82","true","2000-12-26 15:06:00"
"384","23","751","2677.65","75","true","2005-09-12 06:33:45"
"127","476","832","2303.77","35","false","1993-06-03 08:12:28"
"200","57","2738","1177.30","21","false","1995-04-30 00:05:23"
"365","149","7185","1611.63","5","true","1977-05-05 21:49:25"
"112","293","1142","3686.33","100","false","1979-05-29 15:25:40"
"473","45","6172","1463.80","17","true","2017-12-08 01:38:48"
"213","771","7226","3231.32","35","true","2009-04-16 04:28:50"
"46","482","1270","1163.75","81","false","1985-07-21 18:32:55"
"381","670","8107","4829.84","61","true","1988-09-21 04:49:33"
"424","547","8844","2056.34","67","false","2019-09-07 05:07:07"
"280","545","7521","2601.45","64","false","2001-04-29 17:12:07"
"412","322","8614","1380.07","1","false","1975-08-12 04:13:01"
"346","993","8622","4484.10","17","false","2018-08-05 17:34:49"
"423","310","9541","4871.23","28","false","2016-05-09 20:50:32"
"12","673","2652","3122.89","43","true","1991-07-22 06:51:46"
"370","244","1051","11.86","41","true","1995-03-25 23:09:53"
"0","498","8316","4908.57","30","true","1980-10-13 04:41:35"
"41","337","8950","3204.52","37","true","1989-02-26 17:37:29"
"345","135","3814","35.18","20","true","1989-12-08 20:34:07"
"77","645","5623","2398.01","69","false","2016-02-29 12:04:41"
"46","788","6770","4784.09","48","false","1974-12-27 05:13:50"
"78","570","1379","4544.08","54","false","2015-02-13 18:49:16"
"113","630","8997","1047.17","18","false","2010-10-11 03:03:07"
"213","180","7912","4074.63","37","true","1980-11-13 10:36:58"
"252","292","3670","3933.30","85","true","1986-03-31 08:56:29"
"324","111","9806","4271.43","10","false","2004-02-01 06:03:32"
"165","9","1436","2346.19","85","false","1997-10-12 05:43:32"
"414","932","4990","4010.41","78","true","1991-11-03 20:43:09"
"36","156","205","2617.41","79","false","1982-11-08 17:56:26"
"415","672","9700","3671.41","63","false","1972-09-24 09:51:29"
"319","765","8139","3768.92","21","false","2014-04-02 18:05:38"
"483","852","8801","929.74","37","false","1985-06-22 22:03:05"
"135","250","1530","1190.28","45","true","2015-10-18 07:08:26"
"359","825","482","1576.98","100","false","1976-03-01 12:39:27"
"448","236","5341","1124.35","43","false","1996-02-08 21:31:20"
"496","936","2030","516.33","21","false","1970-02-26 16:31:32"
"178","288","7840","2335.67","69","true","1996-04-11 06:54:53"
"240","146","6327","2556.24","95","true","1971-11-30 09:12:24"
"415","66","3010","2329.98","9","true","1983-07-20 04:01:54"
"481","489","7617","3793.15","83","false","2021-04-09 20:02:38"
"42","508","9420","4045.40","28","true","2015-10-23 13:12:02"
"412","107","1102","1103.89","58","true","1987-06-13 18:11:34"
"132","318","4309","2640.75","22","false","2006-07-31 13:06:00"
"77","820","7788","68.17","32","false","1996-04-29 20:36:16"
"140","858","2929","4005.87","84","false","2013-02-05 17:14:43"
"179","609","440","4436.68","14","true","1972-07-12 04:16:20"
"52","463","3161","2846.29","14","true","1991-11-17 15:11:04"
"241","967","2507","396.43","8","true","1971-07-25 10:38:19"
"20","400","3748","3854.73","98","true","2013-09-08 02:41:06"
"272","313","1808","2382.26","86","false","2008-12-12 07:24:38"
"332","911","136","3241.41","66","false","1992-11-25 09:12:40"
"95","853","9064","3159.65","10","true","1980-09-16 10:20:30"
"151","979","1185","4286.93","18","true","1980-02-11 02:23:12"
"439","506","6052","168.83","72","false","1984-12-29 19:15:48"
"150","119","9325","1537.15","21","false","1971-11-06 18:56:28"
"231","49","7263","4480.82","17","false","2000-06-13 08:11:45"
"114","525","4927","777.24","61","true","2020-10-10 21:24:58"
"405","809","7333","1818.52","17","true","1996-07-23 00:37:44"
"451","901","1377","2860.72","6","true","2016-12-12 07:30:33"
"141","117","1836","1196.84","84","false","2018-08-14 08:45:14"
"440","200","329","1810.71","72","false","2001-03-31 10:58:53"
"106","986","9198","1775.37","40","false","2013-10-02 06:51:41"
"180","35","2904","4529.23","14","true","2005-05-08 05:01:05"
"129","249","119","2157.11","41","true","1975-10-07 10:49:56"
"327","538","4354","3707.36","62","true","2005-10-01 08:55:45"
"73","897","3929","2787.37","100","true","2005-06-23 04:07:07"
"220","319","728","2526.63","42","false","1993-11-15 19:08:19"
"220","851","6673","472.35","86","false","1983-05-08 11:18:29"
"460","613","7435","4454.50","76","false","1973-02-21 20:58:37"
"421","489","3244","4126.63","21","false","1988-01-21 07:35:11"
"11","914","6627","585.64","6","false","2016-09-02 13:00:35"
"156","643","6627","3733.97","38","true","2019-01-13 06:06:10"
"434","523","6930","1673.88","58","false","2004-10-02 21:07:03"
"365","637","6594","3617.91","48","true","1970-09-09 11:24:53"
"96","697","1867","2010.45","61","false","1971-06-25 18:07:50"
"384","873","3961","3992.08","52","false","1999-04-13 14:19:21"
"115","286","2516","1969.63","21","false","1976-06-11 09:40:22"
"431","363","5854","1641.05","34","true","1982-04-03 02:31:55"
"414","876","8440","1203.25","92","false","1994-05-12 05:00:59"
"163","481","2275","3362.40","13","false","1986-01-28 06:03:26"
"448","599","4572","3791.25","84","false","2016-04-08 09:22:51"
"374","878","2986","1897.89","31","true","1980-01-29 06:09:57"
"37","569","8634","1824.19","21","false","1986-10-11 13:06:29"
"279","170","5712","148.15","72","true","1981-01-31 21:43:46"
"216","853","2281","3109.53","95","false","2018-10-10 15:04:02"
"52","497","5761","1855.96","92","true","2018-05-11 19:11:56"
"40","385","764","1588.82","54","true","1983-01-11 18:40:40"
"294","225","3572","4865.99","35","false","1974-09-03 02:09:17"
"197","833","1457","1532.53","13","true","1978-09-04 21:06:37"
"482","648","8797","4537.13","78","true","2000-05-24 04:49:05"
"395","429","3150","86.22","57","true","2014-07-16 00:00:46"
"214","77","4677","4789.53","97","true","2018-11-21 06:13:03"
"331","430","6209","4542.74","26","false","1978-03-16 07:40:32"
"215","728","1142","4056.49","89","false","2008-02-20 02:47:56"
"194","107","6168","50.78","71","true","1987-11-18 19:53:44"
"340","274","3538","658.01","51","true","1998-05-25 11:48:05"
"479","584","3725","74.77","73","false","2021-05-19 14:32:19"
"127","717","4491","1641.28","93","false","2014-11-24 13:29:24"
"172","392","1609","75.87","57","false","2001-03-05 04:24:16"
"22","379","8617","3982.81","17","false","2006-12-02 21:30:43"
"398","779","2483","3034.56","59","true","2011-01-20 06:27:00"
"116","706","4365","3509.28","0","true","1989-10-02 06:47:38"
"472","967","7521","1261.88","92","true","2012-06-05 15:49:18"
"413","577","4739","3777.15","45","true","1981-12-19 00:52:06"
"302","93","9952","4301.27","97","false","2017-07-30 18:18:16"
"328","73","5818","4184.76","56","false","1997-04-17 19:28:35"
"388","197","5960","1682.58","84","true","1979-05-20 08:11:07"
"294","776","2578","1572.21","60","false","1997-02-11 00:55:58"
"58","909","4927","1156.71","36","true","1983-12-05 00:37:07"
"473","153","9987","845.54","60","true","1985-08-20 01:51:55"
"17","827","6850","4905.34","3","false","1991-04-06 12:54:24"
"444","264","4790","1869.07","27","true","1997-10-18 05:54:57"
"21","69","6925","1868.73","69","false","1971-07-01 00:27:09"
"65","944","5513","911.71","50","false","2014-03-21 05:06:15"
"32","286","3683","3673.34","93","true","2011-04-28 03:49:54"
"288","806","1811","4879.82","41","false","1981-10-12 00:28:42"
"359","302","6064","2634.67","53","false","2019-02-21 22:10:37"
"432","789","1543","3694.64","19","false","2019-09-24 12:00:41"
"234","526","8004","4357.93","96","false","1976-12-31 16:26:44"
"311","981","8380","4445.27","97","false","2008-12-21 20:02:25"
"385","733","9856","1349.00","32","false","2000-06-21 14:35:43"
"292","62","2311","4863.64","77","true","1979-08-01 00:11:11"
"264","225","5047","4621.28","53","true","1990-10-21 07:09:02"
"126","841","4944","660.97","58","false","1979-09-18 09:23:23"
"125","3","1859","4005.13","94","false","1997-04-23 04:01:04"
"333","95","7117","2537.01","73","false","1977-08-14 21:00:31"
"175","136","8295","1607.11","94","false","1973-02-12 19:10:47"
"189","382","5905","2155.44","38","false","2004-02-01 06:31:58"
"353","621","8539","4724.62","11","true","1995-07-11 22:58:33"
"487","228","4922","488.72","56","true","1992-07-22 06:04:38"
"474","931","9377","1119.67","26","true","2005-01-21 06:09:16"
"38","520","1645","3493.66","76","false","1998-07-15 15:03:37"
"471","626","4940","3662.28","68","false","1976-03-02 23:35:10"
"232","265","8542","3175.42","52","false","2017-05-07 08:02:36"
"293","608","6074","4013.45","96","false","2016-02-03 19:46:42"
"232","486","9187","1210.12","59","false","2006-12-11 16:31:44"
"314","474","4753","4043.11","62","false","2003-05-03 15:58:05"
"184","877","6178","1269.10","7","false","2021-07-17 18:36:43"
"486","815","2458","811.10","56","true","1972-04-03 23:46:42"
"299","530","9588","2454.88","54","true","2007-12-29 16:17:55"
"484","517","7484","3117.22","22","true","1994-07-30 04:25:02"
"49","108","4766","2000.46","29","false","1972-03-17 04:29:11"
"477","534","550","2924.99","34","true","1985-03-09 09:51:48"
"278","148","24","4864.01","76","false","2007-09-11 23:23:18"
"104","480","3911","4467.06","51","false","1975-06-30 18:13:46"
"327","478","4586","933.10","44","true","1992-02-17 14:44:11"
"46","585","5426","327.13","3","true","1970-08-05 11:39:02"
"151","343","5961","2873.64","67","true","1974-12-08 07:58:07"
"173","63","4581","4245.89","85","false","1989-11-25 16:05:50"
"157","691","2899","2559.60","81","true","1975-08-09 21:45:12"
"86","848","6240","2577.55","87","false","1997-06-14 05:33:46"
"292","538","5724","2260.85","40","false","1980-09-11 20:17:36"
"439","305","2975","1836.35","18","false","1993-07-15 13:51:51"
"374","860","173","825.56","23","false","2006-06-08 17:06:25"
"467","729","9078","2703.91","93","false","1992-01-15 00:25:15"
"127","94","4663","2178.44","92","true","1992-07-14 11:52:47"
"181","754","1204","1544.73","49","false","2004-08-27 04:10:14"
"4","875","5823","2908.50","61","true","2005-08-28 01:45:43"
"320","38","990","1380.30","11","true","1970-05-10 05:19:57"
"418","933","6953","3468.52","70","false","1976-08-11 18:30:05"
"3","206","8091","950.85","73","false","1981-02-09 13:12:13"
"249","254","2775","3845.48","86","true","2012-07-13 06:19:52"
"444","90","3236","2544.76","70","false","2012-10-19 23:52:31"
"40","937","6007","4978.42","44","true","1999-03-01 11:58:46"
"409","848","7747","656.49","80","false","1986-08-06 22:31:35"
"199","767","3080","1883.18","5","true","1971-08-22 11:02:27"
"413","243","5876","1480.58","13","true","2006-06-14 20:51:14"
"127","651","9561","4984.73","8","false","1984-01-13 00:21:43"
"247","148","5549","3972.76","32","true","2013-01-26 21:22:50"
"280","792","698","4828.01","67","true","2011-03-28 17:42:20"
"468","236","9744","317.28","80","false","1989-05-17 10:32:37"
"231","594","173","4815.69","42","true","1994-11-16 18:40:10"
"83","356","4651","2899.03","22","false","1985-10-03 19:10:01"
"177","842","5903","1746.47","30","true","2021-08-03 04:44:20"
"436","932","8816","3604.47","8","false","2021-06-15 05:16:29"
"146","657","7877","2979.60","28","true","1979-10-30 00:59:56"
"219","206","9913","554.24","98","false","2012-05-07 04:36:36"
"272","514","5165","3793.32","38","false","1981-05-29 07:20:46"
"33","955","2694","1668.78","24","true","1991-04-15 22:50:09"
"62","592","714","1593.45","41","true","1988-01-30 10:26:31"
"28","350","5278","287.76","46","false","1996-12-10 02:00:17"
"490","655","8384","2037.05","8","false","2015-04-15 21:03:32"
"185","738","7721","1932.29","68","false","2010-09-09 00:13:15"
"398","91","2220","1287.74","39","false","2014-03-31 02:55:55"
"235","412","8751","2274.87","25","false","1996-09-22 13:24:41"
"320","638","158","4692.07","17","false","1972-03-09 22:47:18"
"442","62","1757","3487.94","67","false","2010-10-23 14:22:32"
"448","616","9421","400.65","48","false","1974-02-24 22:19:37"
"199","786","3698","1283.53","88","false","2014-11-16 01:15:54"
"421","255","9427","4950.13","86","true","2006-10-02 16:19:12"
"100","442","6454","2087.51","32","false","2017-07-07 07:57:57"
"333","491","2381","4937.72","67","false","2021-05-03 04:50:07"
"233","286","1986","2589.30","56","true","2001-05-25 09:05:54"
"420","483","3337","1384.14","80","true","1998-05-25 00:26:16"
"143","280","258","987.74","91","true","2000-08-24 04:15:19"
"104","415","6827","3212.60","10","false","2000-12-02 09:09:46"
"107","4","6399","623.67","94","true","1973-01-15 20:54:07"
"239","776","4668","40.30","9","false","2003-02-04 05:46:57"
"28","202","6192","1063.66","98","true","1998-06-27 16:14:18"
"488","422","6834","484.10","24","true","2012-07-21 06:38:31"
"93","926","7221","1345.08","67","true","2010-11-30 12:54:05"
"195","787","6993","2013.03","87","false","1983-11-24 20:56:28"
"136","115","3549","3149.37","77","true","1982-10-18 02:33:12"
"291","10","319","690.16","94","false","1995-11-28 01:59:34"
"44","798","6247","1826.74","34","false","2017-12-26 07:23:07"
"491","555","245","2459.89","16","false","1987-04-12 12:47:00"
"429","776","9735","2482.86","16","false","2010-10-14 12:15:52"
"449","126","7217","1585.57","84","false","1996-09-28 22:03:44"
"328","240","3538","4568.49","93","true","1981-03-11 06:37:21"
"376","943","1549","1809.45","52","true","1998-11-07 01:24:55"
"141","585","7347","4224.09","15","true","1996-05-01 15:24:42"
"355","219","8102","491.19","43","false","2003-05-02 11:49:53"
"344","417","3656","1426.98","96","false","1997-08-25 11:15:55"
"163","692","5737","3046.24","32","true","1979-10-17 23:53:43"
"197","396","6425","2407.11","84","true","1972-03-20 19:49:24"
"138","393","3605","1840.12","9","true","2019-09-11 21:38:28"
"394","330","38","4364.60","19","true","2001-06-26 20:01:26"
"97","648","8542","4018.69","43","true","1970-08-20 17:54:33"
"167","936","3013","610.98","12","true","1972-03-20 00:26:33"
"167","929","5749","3974.73","50","false","1977-11-20 23:43:05"
"45","196","9846","2461.75","54","false","1975-10-13 07:36:31"
"277","902","1868","2846.24","18","true","1998-04-04 02:39:09"
"493","706","1167","492.40","65","true","1984-01-27 16:03:46"
"418","694","5187","1634.58","44","false","1995-03-19 14:22:52"
"458","517","5375","2385.23","61","false","2009-05-03 23:56:28"
"469","35","4445","4340.41","53","false","1970-06-16 21:37:54"
"13","330","5289","2070.27","16","false","2004-12-31 08:56:47"
"158","382","583","2173.90","69","false","2012-03-22 21:20:58"
"354","653","869","1618.79","42","true","2001-02-23 04:47:57"
"387","89","6815","1002.35","50","false","1984-09-12 21:29:06"
"0","324","6737","3060.16","76","false","1983-01-12 01:37:39"
"188","377","6868","2416.40","41","false","1986-05-20 16:25:42"
"302","246","7980","3741.87","88","false","1997-07-25 22:28:49"
"52","679","7145","899.87","84","true","2000-01-31 04:33:09"
"55","845","9341","2009.04","23","true","2009-07-23 05:17:34"
"159","612","902","3505.08","36","true","2005-10-05 07:44:15"
"441","809","721","1703.57","85","false","2003-06-14 16:43:43"
"274","42","3391","2200.10","70","false","1997-08-29 06:30:33"
"127","979","4286","4180.71","54","false","1975-01-13 00:13:05"
"452","734","2050","2398.02","26","true","1977-05-02 18:01:40"
"324","856","4313","4168.82","52","false","2002-08-11 01:39:34"
"23","825","1322","3694.08","0","true","1999-08-03 03:47:02"
"129","366","7917","1992.52","87","false","1975-12-19 19:44:48"
"102","206","1489","160.40","94","false","2019-02-12 18:29:58"
"349","622","488","3444.14","61","true","1992-10-02 07:19:14"
"414","246","5848","4124.93","65","false","1997-10-21 03:00:15"
"428","514","843","4643.75","51","false","2006-05-05 19:49:25"
"241","571","2663","4188.70","53","false","1970-06-16 16:07:09"
"312","97","9380","1841.62","74","false","1989-08-16 07:13:45"
"393","823","6543","2797.72","43","true","1978-06-07 21:48:23"
"64","487","4596","2570.18","100","false","2007-05-21 12:33:54"
"10","769","2719","1261.83","94","true","2019-09-27 10:09:44"
"280","940","482","1864.70","90","true","1970-05-29 15:44:39"
"391","574","2817","1647.92","49","false","2017-08-03 03:14:42"
"367","77","8500","1216.85","61","false","2000-03-09 07:12:40"
"52","617","6675","3207.00","30","false","2012-10-10 09:14:36"
"24","154","7960","3499.09","26","false","2017-08-05 12:40:51"
"112","983","828","815.68","9","true","1986-12-12 11:10:51"
"133","706","4724","1872.45","36","true","2003-02-28 11:09:23"
"263","513","8419","4976.22","60","false","1976-01-28 03:24:51"
"144","770","9514","2280.08","54","false","1982-03-19 14:17:53"
"79","400","87","1059.19","17","true","1993-02-16 19:55:55"
"233","975","9485","1619.82","77","false","1991-06-06 19:40:09"
"362","71","4981","1191.59","67","true","2010-05-29 07:02:18"
"460","94","3384","1874.42","1","true","1991-10-21 19:08:26"
"171","95","1461","507.47","36","true","1977-03-24 00:49:53"
"423","514","4474","2733.42","44","true","2008-12-17 15:56:11"
"111","865","1674","3778.03","24","true","2019-08-03 00:18:08"
"23","475","6785","4244.79","61","false","1989-08-26 03:30:12"
"222","92","7412","4636.32","56","false","2003-02-28 13:36:16"
"168","921","9714","471.80","82","false","1997-02-28 05:28:14"
"446","51","6565","4031.25","54","false","2020-09-02 00:37:30"
"117","240","6454","3560.72","43","false","2017-07-25 21:33:29"
"87","522","1330","4662.81","82","true","2002-08-19 22:57:56"
"189","151","6302","1921.21","28","true","2021-04-24 08:56:11"
"5","501","721","4545.93","82","true","1983-02-17 02:26:36"
"61","435","788","3399.07","10","false","1983-07-25 21:05:41"
"270","605","8194","4753.69","1","false","1973-01-02 22:50:05"
"221","935","4724","815.50","54","true","2010-10-03 20:32:57"
"68","90","5465","4328.87","7","true","1975-12-16 13:27:56"
"348","490","783","1814.04","41","true","1976-12-09 16:34:31"
"171","78","4700","2460.62","21","true","1974-10-07 20:20:47"
"374","573","9907","746.97","68","false","1976-04-04 17:54:46"
"230","361","9256","4621.11","90","false","1981-08-03 03:12:03"
"329","623","897","1381.96","3","true","1988-07-19 16:22:22"
"233","32","9793","4466.83","39","false","2006-11-17 04:40:53"
"274","499","7513","31.77","59","true","1986-12-15 05:19:14"
"383","160","2267","1783.57","49","false","2009-01-07 02:56:08"
"80","376","5559","538.47","23","false","1991-09-30 16:54:16"
"409","732","7227","304.07","70","true","1985-05-04 23:40:12"
"453","495","3337","24.66","65","true","1996-10-04 09:07:10"
"33","74","2789","2088.56","33","true","1988-04-09 22:24:37"
"95","387","5194","4238.46","51","false","1972-10-19 13:28:10"
"435","705","6391","1748.62","48","true","2019-12-08 23:38:57"
"63","641","832","793.74","21","true","2018-08-20 10:14:39"
"247","605","4600","2900.21","77","false","2008-06-03 22:10:49"
"89","57","6749","1851.62","93","true","1979-10-22 12:33:36"
"484","973","9419","2293.85","74","true","1992-01-20 08:14:46"
"471","295","1467","3377.01","62","true","1971-02-14 23:37:58"
"352","961","2413","4293.92","42","true","2012-05-04 06:00:09"
"215","930","4346","1017.27","48","true","1981-12-04 06:46:50"
"55","583","7779","2134.39","79","true","2020-01-13 10:31:54"
"400","833","3897","1705.50","67","true","2001-10-17 12:36:51"
"481","203","3642","1772.29","32","true","2020-07-05 17:48:10"
"319","939","1824","686.24","25","false","1992-08-30 16:55:04"
"9","394","9589","3279.41","20","true","2009-02-25 15:52:04"
"242","494","8159","2043.14","92","false","2020-06-07 23:11:01"
"38","554","1220","2838.79","59","false","1970-01-20 20:34:48"
"156","664","2905","4432.71","97","false","1971-12-17 17:23:10"
"271","970","4012","4833.09","91","true","2019-08-12 15:32:52"
"400","671","5028","4074.34","19","false","2008-08-29 15:58:36"
"439","364","5296","2883.11","59","true","2006-12-17 13:05:13"
"449","153","935","2076.58","27","true","1990-10-24 14:51:34"
"109","721","9025","1599.25","92","false","1993-10-04 16:13:40"
"392","260","5413","4401.78","89","false","2017-11-19 11:13:30"
"367","75","1858","4435.90","72","false","1989-09-29 18:37:52"
"249","634","4904","2244.15","94","true","1991-06-20 02:58:39"
"152","807","5566","2255.73","51","true","1984-05-07 02:31:27"
"19","380","5642","3496.28","76","false","2019-08-07 22:57:21"
"434","621","7854","3735.35","88","true","2012-02-28 19:43:41"
"1","49","9353","2483.52","11","false","2001-12-17 02:36:28"
"431","756","3504","1906.25","22","false","1980-06-29 22:21:46"
"192","188","992","2318.76","20","false","2020-06-20 10:54:55"
"291","110","4516","4341.81","59","false","1996-09-06 10:50:19"
"145","217","1976","320.92","1","false","2009-06-02 18:18:52"
"276","821","8794","2659.70","85","true","2001-06-16 22:24:58"
"158","454","2671","3647.38","42","false","2002-11-18 19:04:13"
"471","57","8455","3660.35","17","true","2002-01-18 18:13:31"
"407","501","4571","136.79","35","true","1970-05-21 09:44:05"
"128","105","8684","4135.44","33","true","2018-02-15 08:34:03"
"485","841","7584","1350.87","55","true","2002-09-30 15:55:31"
"261","102","7877","513.31","80","false","1972-10-27 12:32:21"
"124","753","1563","2161.90","66","true","1985-02-20 07:15:37"
"306","358","265","3735.01","71","false","2014-02-06 21:01:55"
"311","548","1990","210.63","37","false","1987-11-17 21:05:47"
"229","554","265","4975.25","38","true","2016-02-10 11:38:51"
"347","985","6056","2648.38","76","true","1972-12-27 03:53:18"
"68","811","5486","2458.96","59","true","1974-04-28 14:10:37"
"260","802","5650","3598.35","30","false","1975-03-04 06:00:36"
"258","179","229","1444.66","74","false","2008-05-11 17:16:33"
"346","541","3764","338.32","50","false","1975-06-06 10:35:41"
"183","349","8631","3271.35","75","true","1995-12-07 09:14:11"
"16","814","9749","3898.56","73","true","2012-05-31 13:27:56"
"480","121","6586","1300.78","86","true","2018-11-04 15:03:21"
"194","668","3457","1690.82","18","false","1977-03-12 11:50:42"
"372","126","618","4074.97","99","false","2001-01-11 00:49:08"
"136","736","3741","4650.11","63","true","2001-03-16 18:53:28"
"259","216","8864","4433.75","98","false","1976-12-04 22:19:49"
"435","66","8461","3843.09","59","true","1996-10-05 07:42:51"
"422","381","3899","211.24","69","false","1991-12-21 23:29:14"
"129","225","8397","3052.50","88","false","2014-10-07 08:52:16"
"130","405","2904","1723.79","33","true","1978-12-10 10:50:37"
"499","4","4944","4916.41","72","true","2000-01-16 21:51:39"
"420","69","5579","342.59","49","true","1980-01-21 18:18:27"
"193","336","760","168.06","17","false","1995-01-07 01:59:39"
"7","554","5622","1018.80","42","true","2018-06-22 11:45:21"
"6","895","6438","4850.76","16","true","1994-09-17 05:15:40"
"446","710","1057","3526.45","62","true","1990-06-04 03:03:58"
"331","303","4967","3340.82","75","false","2020-06-18 09:33:15"
"456","666","4639","4572.44","83","true","1980-06-24 22:42:27"
"357","345","8127","4206.05","9","false","1992-02-17 06:42:18"
"406","381","1875","501.67","5","true","1989-09-25 08:02:52"
"199","520","9107","4096.58","90","false","1973-08-18 05:39:24"
"46","41","7921","3813.14","31","true","2008-12-03 01:26:45"
"348","54","9159","1252.50","38","true","1974-09-06 18:06:28"
"490","860","4914","483.18","35","false","2018-01-27 01:14:36"
"340","661","8498","3842.70","46","true","2018-06-10 12:34:32"
"160","86","7935","2703.43","70","true","1976-04-14 12:51:02"
"157","80","9151","798.42","3","false","1978-05-04 21:07:33"
"153","998","1197","1002.06","98","true","2009-08-26 11:48:07"
"400","400","6096","2045.53","70","true","1997-05-26 06:48:09"
"397","761","4011","3342.65","70","false","2005-07-06 03:27:09"
"464","944","9436","4550.10","56","true","1971-07-16 20:20:40"
"175","290","9615","3193.44","19","true","2014-07-24 01:32:33"
"188","527","3013","514.12","21","true","2000-10-18 15:50:46"
"75","4","307","3423.96","62","true","1996-06-21 09:07:21"
"55","11","3955","3940.96","53","false","1978-04-21 02:57:03"
"331","232","3023","3800.85","47","true","2000-10-15 14:14:44"
"422","893","7822","4774.52","12","true","2000-10-06 18:59:51"
"359","533","8810","3262.11","67","true","1987-10-22 04:51:25"
"133","526","2147","2775.79","84","true","1981-12-24 22:17:44"
"230","814","9050","1886.98","83","false","2016-05-26 06:55:52"
"85","686","4684","757.28","98","false","1981-11-18 08:17:52"
"333","452","579","958.48","89","false","1972-07-05 18:33:36"
"446","944","6673","540.81","50","true","1978-01-29 09:50:59"
"88","873","224","3069.73","72","false","1993-02-23 09:18:18"
"342","971","9806","1215.59","57","true","1972-09-05 06:53:45"
"176","780","1733","160.91","10","false","1989-04-06 03:54:17"
"21","234","4021","2974.36","25","false","1992-10-20 01:12:59"
"125","726","7941","4909.27","23","false","1996-04-23 06:22:26"
"412","421","7904","2621.18","76","false","2000-07-18 21:14:30"
"442","681","6615","2125.75","62","false","2010-12-13 06:13:43"
"13","740","9088","1910.92","76","false","1984-01-28 20:11:54"
"362","189","1143","2019.85","18","false","1981-01-10 19:39:52"
"325","26","9020","2251.52","49","true","2000-04-10 11:23:01"
"276","752","3405","2252.67","29","true","1973-01-17 00:13:53"
"473","207","5113","3485.16","58","false","1975-07-24 02:21:20"
"126","817","3214","4154.93","57","false","2004-11-26 21:40:11"
"266","277","1280","2859.60","87","false","1995-07-15 03:45:59"
"5","198","1626","1923.25","59","true","2015-06-06 18:07:22"
"457","250","329","820.84","57","true","1977-12-26 06:20:24"
"60","45","444","2294.84","20","true","1981-08-12 01:45:43"
"421","763","8968","2223.29","65","true","1980-12-06 21:05:00"
"184","136","4451","1578.89","26","false","2021-11-25 03:05:28"
"155","324","8606","1460.09","31","false","2010-03-02 06:50:31"
"181","213","8208","4449.54","34","true","1972-02-25 11:29:51"
"433","184","8676","4953.90","33","false","2005-04-04 15:08:34"
"430","690","1740","748.77","66","true","2018-10-23 18:20:29"
"186","904","7720","3761.16","83","true","1980-01-14 22:35:18"
"439","159","8374","2526.10","21","false","1971-07-12 12:34:44"
"234","937","7842","4637.97","21","true","1973-02-12 09:19:24"
"50","982","6365","4542.18","34","true","2019-10-16 14:24:25"
"105","352","5238","2308.38","34","true","2002-01-05 22:07:40"
"443","328","1117","1868.60","16","true","1979-01-01 17:20:43"
"291","19","747","4049.67","42","true","1990-07-13 23:28:09"
"362","943","6","65.83","61","false","2005-01-13 10:16:40"
"8","231","850","1063.26","59","false","1983-11-19 19:46:41"
"322","978","1247","1010.08","39","false","1970-03-22 13:26:25"
"359","664","8255","4956.21","95","true","1982-12-28 10:30:45"
"386","740","5292","3682.83","93","true","1998-05-27 05:38:20"
"169","102","1926","361.94","37","false","1977-02-17 00:46:12"
"163","844","9658","2060.25","82","false","1972-05-31 10:38:45"
"194","344","3236","4322.70","67","true","2004-10-28 03:15:39"
"462","327","7725","4456.30","11","true","2004-03-16 09:03:59"
"453","495","5800","2386.31","78","false","2010-03-18 15:54:44"
"240","895","3384","697.86","3","false","1992-12-19 06:41:09"
"291","248","4161","728.14","91","true","1971-07-24 23:10:19"
"337","255","7014","193.31","15","true","2007-02-25 17:46:10"
"84","447","7421","4796.62","7","true","1974-12-02 11:38:28"
"464","292","2014","1825.64","26","false","1980-05-27 08:08:17"
"227","895","3494","812.26","80","true","2004-02-06 03:09:34"
"303","547","5921","1524.26","18","true","2002-08-21 20:08:52"
"349","233","3739","3817.09","35","true","1980-03-26 09:33:11"
"449","661","4001","4787.24","20","false","2020-02-27 06:24:33"
"10","746","3587","1283.96","93","false","2016-12-26 13:16:59"
"230","822","4484","3490.44","28","false","1976-08-02 08:05:00"
"464","615","4030","3118.08","58","false","1992-08-31 15:32:13"
"384","491","8625","1889.52","15","true","2014-04-26 02:06:04"
"174","596","1873","4487.43","22","false","1972-09-09 20:00:47"
"89","265","9785","639.87","83","true","1976-05-23 05:42:51"
"195","698","4740","4417.44","97","false","1973-04-08 18:56:09"
"131","274","5476","3470.64","33","true","2008-05-13 17:51:18"
"408","193","5469","2995.87","36","true","2008-03-16 02:59:26"
"284","982","4276","3897.05","61","true","2013-06-21 09:24:15"
"384","88","7942","3140.31","65","true","1991-10-21 22:11:51"
"148","102","4634","3879.29","99","true","1982-12-26 16:34:44"
"323","238","6579","2459.37","70","false","1983-01-14 16:51:44"
"35","152","373","681.78","21","false","1980-02-18 01:33:58"
"297","76","8692","2231.92","1","false","1973-05-02 18:51:02"
"212","17","2703","3710.55","31","true","1981-06-12 23:45:32"
"371","758","8099","564.70","68","true","2005-04-22 07:35:26"
"427","256","8230","2670.86","13","true","1986-09-22 02:01:00"
"238","251","906","2108.25","28","false","1975-05-01 21:16:33"
"64","3","9141","1746.01","96","true","1994-01-31 07:44:52"
"7","586","3915","4274.96","91","false","2002-06-18 19:32:14"
"338","315","6457","282.75","52","true","1997-01-26 03:04:30"
"46","126","5399","2290.97","90","true","1989-02-22 10:07:55"
"394","482","4697","3234.14","31","false","1994-08-27 05:19:12"
"131","601","1388","2165.59","57","false","2017-03-18 01:52:53"
"164","965","1313","3758.89","39","true","1990-12-04 23:44:14"
"96","948","3186","1505.07","55","true","2007-09-19 16:34:58"
"170","917","918","1757.74","6","true","2004-08-27 08:57:20"
"272","238","2539","260.54","32","true","1981-07-27 13:25:54"
"181","458","7665","835.32","24","true","2008-12-05 20:49:24"
"440","256","2162","569.18","48","false","2013-03-22 02:16:48"
"307","800","7619","4618.63","27","false","1993-11-07 12:58:20"
"104","937","7075","3419.35","70","false","2017-09-28 11:15:37"
"414","615","2240","801.93","82","false","1971-07-08 10:21:34"
"233","707","9733","872.07","54","true","2004-10-23 21:17:59"
"270","749","9956","327.34","53","false","1996-07-11 04:19:08"
"102","975","3968","4373.92","70","false","2003-02-03 03:54:25"
"210","602","876","996.55","47","true","1997-11-24 23:19:28"
"332","553","3420","3120.28","58","true","1980-04-18 07:56:01"
"383","875","9103","1075.36","91","false","2018-03-31 12:43:34"
"153","808","3679","1085.75","12","true","2009-08-08 13:06:57"
"403","828","765","2257.16","91","true","2004-03-13 01:48:48"
"325","148","5388","2281.25","98","false","1996-07-14 02:32:38"
"462","827","2633","3000.28","56","true","1977-03-01 09:38:58"
"306","58","8021","269.57","51","true","2021-11-14 01:09:29"
"210","892","7053","2981.00","98","true","1970-01-15 18:06:08"
"66","179","3549","740.79","28","false","2011-12-20 13:31:11"
"277","551","9971","56.46","94","false","2017-10-17 04:27:59"
"282","336","8570","4307.88","61","true","2013-10-09 17:10:21"
"493","4","6464","2027.68","43","false","1970-04-23 05:50:17"
"417","124","4652","700.69","42","false","1994-11-03 20:32:42"
"491","967","2917","1090.21","22","true","1988-06-16 16:25:15"
"197","441","1311","2308.84","38","false","2014-09-05 16:39:43"
"23","32","450","4429.76","60","true","2004-04-16 22:04:57"
"370","916","1619","3616.49","94","false","1983-08-30 20:42:26"
"410","298","1927","1752.60","2","false","2020-02-01 03:58:38"
"420","1","9233","521.54","27","false","2014-09-14 22:42:00"
"9","612","8114","1120.19","60","true","1983-02-17 10:30:57"
"123","175","8981","1273.17","20","false","1977-09-13 01:35:07"
"174","865","5462","247.62","15","true","1983-12-26 23:24:12"
"121","296","4769","4315.38","77","false","1997-05-01 16:10:59"
"327","207","4990","1347.46","67","true","2013-02-23 06:10:44"
"307","604","3115","4169.91","96","false","1986-09-02 16:12:22"
"47","648","4229","2721.76","55","true","2015-03-14 09:50:45"
"40","677","1124","114.59","56","false","1983-03-06 08:30:58"
"225","903","833","801.45","76","false","2001-06-06 23:36:10"
"25","8","8706","4167.20","25","false","1998-07-07 20:55:44"
"178","744","4491","1203.38","87","true","1979-10-20 09:01:08"
"204","633","3303","1854.63","11","true","1977-12-08 18:26:44"
"317","850","1903","1103.74","56","false","1979-01-20 11:07:08"
"225","976","9872","1829.55","12","false","1976-03-22 14:09:16"
"22","171","7318","3525.18","97","false","1976-09-07 03:08:13"
"473","611","5350","4492.67","92","false","1990-11-10 06:18:22"
"477","547","8581","946.39","26","false","1977-01-22 03:18:35"
"426","936","7259","3825.99","94","true","2021-07-23 00:52:32"
"60","544","6168","4079.91","39","false","1980-07-09 23:12:24"
"211","375","6079","730.71","35","false","1987-11-29 06:18:39"
"151","189","5476","1613.77","61","true","2008-03-10 02:59:34"
"303","569","9191","2009.17","54","true","2009-10-09 02:30:44"
"144","89","961","1780.95","93","true","1970-11-14 09:34:35"
"267","770","7347","3654.47","39","true","2014-06-04 10:51:16"
"225","121","4277","132.40","74","true","1987-08-26 16:09:26"
"292","631","7691","4593.08","21","true","2008-01-05 17:18:51"
"373","852","7268","4622.34","38","true","1972-11-05 22:54:03"
"479","919","7358","3852.35","21","false","2003-08-13 12:58:55"
"488","178","6989","1793.14","21","false","1976-11-21 03:35:49"
"91","758","7992","806.05","23","true","2013-04-27 04:41:30"
"185","13","5000","4509.39","27","true","1983-08-22 10:05:00"
"208","376","4596","2855.83","58","false","2008-01-31 01:03:50"
"414","72","4389","3511.17","94","true","1992-05-09 05:39:18"
"473","399","9293","1929.99","88","false","2016-02-09 00:42:35"
"400","200","9566","614.53","50","true","1982-02-08 14:50:20"
"432","601","3605","12.75","8","false","1972-06-26 01:36:23"
"176","255","2339","153.58","21","false","2019-03-11 01:22:47"
"213","55","3074","1156.01","51","true","2003-02-14 18:41:32"
"43","133","9253","3057.82","46","true","1986-11-16 12:48:31"
"243","603","419","2924.50","28","false","2016-10-13 14:47:15"
"181","54","2326","145.72","68","true","2017-10-17 16:31:01"
"254","292","3129","3201.24","59","false","2019-03-22 11:14:46"
"128","948","3183","2478.63","33","false","1985-08-18 22:26:38"
"379","543","6501","3754.40","1","false","1995-12-20 15:49:17"
"179","589","8061","706.64","76","false","1976-11-07 05:00:19"
"51","357","1685","783.22","68","true","1991-01-02 20:06:06"
"353","890","4350","1942.97","39","false","1984-02-18 05:37:40"
"13","791","3272","2550.72","99","true","2010-08-16 09:43:01"
"11","566","5940","880.69","59","false","2010-01-02 18:35:47"
"218","621","8508","1073.55","29","true","1989-07-25 19:48:15"
"447","263","1196","2072.20","16","false","2019-12-12 21:15:11"
"350","751","9092","4259.95","13","true","1996-06-20 15:23:57"
"29","186","273","3187.33","5","false","2020-12-22 02:11:19"
"159","43","565","426.71","33","false","1993-04-08 23:18:35"
"128","594","401","2982.96","4","false","1996-10-05 09:26:13"
"198","51","2374","3795.59","34","true","2019-02-14 23:36:18"
"342","170","1821","1025.97","38","false","2006-09-28 09:02:38"
"99","445","6312","3699.68","21","false","1977-03-26 23:48:33"
"38","67","4280","2074.79","99","false","1992-03-28 03:09:00"
"303","596","6461","1779.76","2","false","1996-05-02 09:42:49"
"391","749","4163","784.65","11","true","2014-02-13 04:34:32"
"401","930","3925","974.23","73","false","1975-07-12 23:14:59"
"26","759","415","2217.59","40","true","2014-04-20 06:51:31"
"98","934","6919","695.06","22","true","2015-01-27 21:54:02"
"66","164","7604","1940.00","34","true","1978-09-03 18:58:15"
"243","942","6784","496.35","55","false","1989-03-28 22:26:38"
"248","630","3161","528.77","76","true","1984-01-29 06:55:25"
"496","239","2275","4585.46","42","true","2016-09-06 07:34:53"
"374","191","7202","2690.32","57","true","1983-01-05 05:15:38"
"440","945","5286","1731.20","73","false","1979-09-28 06:47:45"
"274","667","7850","2039.74","3","false","1976-05-28 20:13:08"
"79","285","3475","2533.55","92","true","1980-12-04 13:47:22"
"324","14","4095","1589.35","0","false","2008-08-16 21:14:42"
"353","976","341","4164.46","8","true","2012-01-02 02:57:37"
"192","724","7374","646.87","32","false","1983-05-14 12:52:56"
"277","814","7576","420.96","18","false","1998-12-23 01:42:38"
"51","977","1669","4799.23","73","true","2015-05-13 12:45:38"
"17","34","9273","2171.76","31","false","1972-07-08 06:05:38"
"239","744","1851","1854.80","15","false","2020-05-09 03:10:37"
"177","955","1645","4303.74","96","false","1973-06-24 21:42:13"
"342","396","7684","2477.19","28","false","1970-10-24 10:35:58"
"54","971","8999","2560.82","62","false","1986-10-24 01:46:44"
"166","62","1221","3852.12","90","true","1990-05-23 02:06:49"
"251","722","8803","1041.34","88","true","1992-04-07 22:36:27"
"218","484","3153","3024.12","7","false","2017-04-01 20:29:55"
"493","404","2315","3125.24","81","false","2005-09-12 13:27:28"
"332","63","5964","4778.97","68","false","1970-05-08 08:58:32"
"432","452","8564","4184.57","87","false","1989-10-04 04:14:37"
"288","597","6158","629.85","16","false","2008-02-08 17:29:41"
"497","903","7392","3636.51","83","false","2019-06-18 07:50:35"
"142","423","5211","4518.62","61","false","2005-06-05 22:53:52"
"137","368","518","2164.54","22","false","2011-09-23 19:29:34"
"180","200","2502","3122.82","50","true","2005-02-02 23:07:49"
"50","412","3314","1950.44","54","false","2014-09-02 07:49:57"
"31","988","9353","4816.14","7","true","1972-08-24 13:09:40"
"43","921","9584","1814.17","18","true","1996-02-13 19:54:50"
"383","325","314","1419.39","28","false","2007-07-20 10:02:09"
"415","16","9744","4924.89","99","true","2006-11-22 09:54:21"
"117","213","9374","2188.16","86","true","1990-02-06 17:21:47"
"453","402","1132","4801.27","25","false","1979-12-02 11:12:42"
"54","777","4","4969.25","73","false","2003-01-25 16:57:22"
"233","689","1899","1778.99","36","true","1971-02-20 13:05:11"
"281","728","8509","4269.63","88","false","2017-10-25 16:01:09"
"286","180","9839","2817.69","54","false","1985-05-16 01:16:16"
"306","0","5646","2341.31","62","false","1970-06-09 13:47:44"
"215","573","1082","1346.66","99","false","2013-02-20 19:43:14"
"244","889","9301","4549.24","10","false","2013-11-26 10:35:51"
"361","649","2986","3950.78","80","false","2016-02-07 16:21:34"
"152","956","7167","1532.26","75","false","1992-11-12 00:01:29"
"118","706","2733","3624.45","40","true","1998-09-20 02:11:38"
"17","141","7779","2721.32","48","false","1980-05-07 01:07:24"
"115","326","7758","4662.71","77","false","2011-01-28 09:31:44"
"469","874","6513","355.76","61","true","2005-08-25 12:04:18"
"411","580","2511","1051.75","86","true","1994-09-19 01:26:58"
"316","516","3096","3594.02","14","false","2015-02-19 03:22:32"
"239","748","3915","1760.62","42","true","1984-08-20 19:49:47"
"31","155","630","4593.66","65","false","2006-10-02 15:05:40"
"383","944","173","2624.28","23","true","1979-02-21 09:58:04"
"233","902","7205","3984.48","55","true","1995-01-03 05:22:22"
"442","776","4435","3782.69","97","false","1997-09-30 09:05:56"
"79","550","1440","2552.40","52","false","1986-10-28 15:14:29"
"444","159","2220","1080.92","52","true","2017-09-03 13:31:30"
"456","801","1226","259.88","54","true","1988-10-31 18:28:37"
"345","972","5902","4835.20","48","false","1980-03-02 20:04:29"
"492","811","8393","2489.26","33","true","1970-03-18 17:58:13"
"201","349","2987","3639.93","64","false","1971-01-30 04:28:27"
"269","578","6642","3276.36","11","true","2014-06-29 12:18:41"
"435","19","2047","4850.95","7","true","1972-05-18 09:16:11"
"321","888","8709","2210.45","69","false","2003-09-10 21:17:17"
"489","252","5395","4319.68","99","true","1993-10-28 17:58:53"
"414","488","9874","2132.93","14","true","1990-06-25 14:41:07"
"415","94","5881","4511.47","5","true","1996-02-29 19:13:06"
"129","294","2106","4405.84","76","true","2004-12-18 18:55:16"
"156","339","6569","2966.30","11","false","2004-03-12 03:20:39"
"364","623","9602","3725.14","100","true","1999-03-06 02:05:00"
"231","339","8223","624.15","89","false","1973-03-15 15:41:20"
"182","958","1253","338.77","91","true","1972-02-16 15:46:09"
"450","315","708","3026.30","54","false","1999-02-15 16:37:21"
"270","615","9536","3743.40","100","true","1979-05-11 05:35:09"
"373","311","1827","2528.46","16","true","2019-10-17 02:34:34"
"71","595","4959","1962.13","47","false","1992-10-07 14:06:35"
"492","524","8165","921.71","7","false","1994-05-25 13:52:15"
"336","684","9312","850.77","19","false","1983-02-18 07:55:41"
"310","369","560","3533.71","78","false","2002-07-25 21:42:48"
"299","605","6641","2874.70","6","true","2019-07-31 12:43:46"
"251","843","5446","900.42","3","true","1993-02-21 12:06:28"
"409","308","2572","54.43","69","true","1973-09-28 08:08:34"
"144","819","3837","3520.82","31","false","2008-06-19 04:57:11"
"374","975","1249","1080.51","36","true","2006-08-16 02:50:16"
"316","951","2741","1247.37","11","false","1999-12-05 03:40:23"
"177","5","4453","713.12","67","true","1984-03-07 17:42:31"
"414","144","5300","362.65","29","true","1999-08-16 15:20:21"
"432","909","3452","1069.19","94","true","1992-11-14 19:03:16"
"391","805","7034","120.84","5","false","2018-12-15 03:13:26"
"81","254","2300","123.28","55","true","1987-12-08 13:14:39"
"187","585","2853","4117.87","17","false","1995-02-04 08:09:01"
"288","590","3031","4044.55","90","true","1981-09-24 19:46:20"
"93","940","3894","2032.92","86","false","2003-12-12 15:18:30"
"483","749","4308","809.42","76","false","2021-09-24 08:32:20"
"320","223","6201","4823.66","2","false","2000-05-26 06:24:36"
"16","548","967","3668.72","68","true","1988-07-15 18:48:31"
"497","226","807","4231.93","74","false","1980-09-17 07:14:30"
"328","655","8963","2718.68","38","true","2019-07-31 22:57:27"
"420","985","646","4921.73","25","false","1989-09-08 00:12:19"
"448","650","5849","2422.21","1","false","1988-05-01 22:44:08"
"207","134","2542","4854.67","67","false","2021-06-30 05:27:26"
"165","778","5074","1240.71","3","true","1981-06-12 05:04:20"
"386","252","1808","2081.52","62","false","1982-04-07 15:47:37"
"372","975","9810","1543.58","97","false","2012-03-23 00:06:54"
"52","496","9859","2134.23","93","true","1996-11-14 09:13:06"
"342","525","4884","2839.42","4","true","1971-03-12 09:28:03"
"21","970","4379","2867.48","32","true","1987-01-08 11:24:53"
"288","732","4724","4729.17","49","false","2003-07-22 11:19:56"
"294","308","8160","2036.96","67","true","1997-12-10 13:27:33"
"219","45","2495","1489.01","21","false","2019-10-08 15:46:27"
"102","987","3334","1864.82","83","false","1992-05-27 11:29:27"
"372","267","5919","161.94","84","true","1994-01-23 21:46:21"
"190","227","331","2387.16","12","true","1994-10-25 04:51:18"
"438","901","7788","2373.30","66","false","1980-05-10 12:33:02"
"79","358","6368","4576.10","54","false","2003-09-27 17:43:56"
"146","627","6268","4315.65","34","true","1975-09-16 19:16:58"
"105","257","6904","193.69","47","true","1986-05-09 06:20:06"
"296","918","456","2902.71","79","false","1980-03-26 18:20:29"
"42","367","4226","1082.43","62","false","1984-03-10 06:22:15"
"57","421","1848","4406.14","56","true","1974-04-29 11:57:38"
"26","103","1783","3712.72","63","false","1975-04-06 15:46:19"
"467","933","2827","4006.71","1","true","1983-09-16 17:49:00"
"417","809","698","3124.62","19","false","2004-08-21 00:19:04"
"138","18","725","473.20","43","true","1988-04-01 11:52:47"
"117","845","2905","4610.83","42","true","1990-10-24 10:20:40"
"4","100","1110","2241.55","49","true","1975-01-17 12:47:09"
"103","132","4293","2907.08","32","false","1985-09-19 13:38:32"
"220","325","1392","435.25","8","true","1992-03-26 08:09:32"
"477","724","2523","649.71","28","true","2021-06-17 05:43:43"
"106","368","3449","4520.97","83","true","1995-05-07 19:27:02"
"93","128","3260","4777.21","68","true","2000-07-03 08:39:35"
"132","61","6996","1358.95","64","true","1997-09-26 11:13:15"
"197","980","6646","94.33","100","true","1971-01-20 01:23:37"
"289","401","4358","2144.11","87","false","1989-03-02 03:59:53"
"131","495","1840","999.75","95","false","1996-01-31 01:55:35"
"345","8","2825","1883.67","7","false","2002-01-08 06:30:01"
"183","453","2158","3591.03","18","false","2008-06-09 20:58:36"
"465","293","8793","4721.72","99","false","1983-04-05 23:58:04"
"445","293","1741","413.45","10","true","2016-03-27 17:39:41"
"329","530","7375","3948.44","96","true","2008-03-20 12:54:25"
"454","981","8033","1099.12","94","false","1974-06-11 11:35:40"
"314","199","1990","491.85","54","false","1975-05-23 06:38:50"
"478","697","5591","1620.12","21","true","2010-01-27 04:08:49"
"461","934","1602","31.27","51","false","1988-09-13 07:25:17"
"412","385","1227","362.44","87","false","2013-09-07 05:14:10"
"164","142","8453","2148.37","52","false","2016-07-12 19:26:52"
"313","446","8139","3772.23","42","true","2002-07-19 22:43:34"
"371","426","279","554.91","64","false","2007-08-21 02:44:43"
"377","858","1986","3162.16","40","true","1992-05-03 03:10:55"
"419","744","7065","1779.93","27","false","2017-11-26 00:45:59"
"403","261","3896","2022.16","22","false","1984-08-10 17:09:56"
"134","479","4800","2273.95","90","false","1998-10-22 20:20:20"
"181","59","4309","2610.96","81","true","1980-03-15 06:47:05"
"20","783","8553","4320.87","25","true","1988-09-04 16:41:27"
"276","368","8821","1194.66","97","false","1998-08-29 16:14:39"
"434","328","2833","684.85","2","false","1999-12-11 10:51:34"
"99","322","4132","3539.47","87","true","2004-12-21 08:12:28"
"254","352","2287","919.44","27","false","1980-01-09 15:36:53"
"336","334","1390","2575.59","71","false","2004-07-01 10:42:43"
"29","851","7053","3284.70","96","false","2005-10-11 16:37:47"
"177","438","4013","1636.82","49","true","1973-07-14 09:49:27"
"363","578","7951","1423.20","17","true","1987-07-29 17:13:25"
"363","972","3890","4353.11","3","false","2018-06-24 04:00:02"
"367","681","4659","3535.23","78","false","1974-02-06 02:52:03"
"91","334","3408","1545.29","38","true","2008-03-30 09:42:10"
"132","690","8569","416.58","6","false","2017-10-27 00:25:07"
"127","90","7388","4550.73","23","true","2016-07-27 15:35:21"
"386","37","8003","4037.39","79","false","2012-02-10 18:52:30"
"201","541","5727","4903.92","34","true","2017-07-04 12:26:25"
"255","129","8877","2297.48","25","false","1984-09-27 07:58:56"
"180","326","6591","2915.67","64","true","2004-07-31 20:35:16"
"300","303","1661","2895.06","10","false","1996-05-20 23:30:33"
"270","822","1219","3272.48","59","true","2015-09-21 03:16:22"
"163","56","4588","3556.74","76","true","1972-11-12 06:49:48"
"75","560","2094","339.81","35","true","1998-12-14 16:27:48"
"138","5","6630","3460.85","25","true","1980-03-22 02:00:27"
"185","652","288","4144.75","84","false","1974-01-02 02:31:45"
"214","527","4514","1296.81","7","false","1981-10-17 03:44:46"
"442","324","8699","4699.20","54","false","1977-11-23 04:00:42"
"28","632","434","2719.27","8","true","1991-11-16 19:28:55"
"206","941","1176","4784.64","7","true","2021-05-04 05:45:27"
"266","564","1619","1674.22","47","true","1988-03-27 14:59:20"
"414","808","5956","186.70","72","true","2003-03-14 14:15:03"
"232","787","3303","2003.21","98","true","2016-11-26 21:55:00"
"27","414","8215","1940.18","16","false","1997-10-03 17:26:40"
"25","45","8669","3460.09","94","false","1993-12-08 07:15:02"
"142","797","4719","739.04","31","true","1985-04-20 00:45:14"
"310","77","8275","4622.73","32","true","2011-12-11 14:47:47"
"325","847","5141","2694.36","0","false","1985-10-24 18:15:34"
"25","513","3246","1210.97","89","false","1997-07-28 03:35:12"
"352","687","8759","427.95","99","true","2013-02-15 12:26:52"
"443","276","6290","4030.12","87","true","1996-07-19 03:56:46"
"187","938","2918","1754.74","65","false","2008-09-25 23:53:11"
"149","556","3257","1860.86","25","true","2016-04-15 11:29:53"
"413","217","4909","3744.39","28","true","1989-11-18 12:40:11"
"481","67","9428","3995.03","90","false","1970-01-22 07:12:33"
"332","130","6560","1145.02","88","false","2004-10-17 10:18:07"
"293","902","5081","2242.52","40","true","1981-04-23 09:07:15"
"349","401","3900","1744.94","77","false","2020-05-06 02:30:48"
"152","274","3810","906.94","18","false","2000-02-19 15:13:30"
"349","859","4347","3756.23","97","true","1978-07-18 13:29:43"
"310","573","3414","4817.36","39","true","2013-03-15 00:46:40"
"361","266","8302","2563.85","28","false","2013-06-03 13:37:37"
"254","664","3319","2536.76","66","false","1993-04-27 07:24:54"
"387","871","6125","3631.39","65","false","2010-02-15 03:19:26"
"0","518","4923","887.31","7","true","2006-07-20 08:21:14"
"46","874","1117","1282.66","63","true","1992-03-06 15:10:42"
"379","944","8682","3090.87","87","false","2005-09-21 16:36:47"
"205","239","1","1750.26","48","true","1988-12-27 12:01:43"
"92","779","9064","4423.33","45","false","1998-09-24 19:20:35"
"245","37","397","2756.32","58","true","1983-04-15 00:02:59"
"379","334","3608","2244.79","64","true","2013-04-16 12:22:01"
"143","146","1720","2219.31","62","true","1989-05-04 09:00:34"
"345","484","9649","864.93","41","false","2003-02-03 12:04:47"
"126","938","6461","1610.78","46","true","1982-11-22 10:48:24"
"439","268","1318","475.78","23","true","1993-10-23 15:06:03"
"166","526","2657","2456.04","26","false","1996-11-27 05:28:30"
"154","963","2696","519.73","4","true","2007-11-18 19:49:13"
"410","835","3940","3520.90","33","true","1997-04-22 04:04:57"
"333","694","7806","425.19","63","true","1976-06-14 01:06:17"
"159","31","3711","981.32","1","false","2014-01-21 13:05:15"
"457","380","5289","155.92","89","true","2008-05-02 02:36:34"
"181","420","3730","1058.27","91","false","1991-09-19 03:26:44"
"54","994","4804","2773.38","74","false","2002-05-31 03:30:52"
"288","426","4123","4479.54","54","false","1974-12-21 11:14:44"
"282","69","4132","4864.68","98","false","1992-12-15 22:52:30"
"276","273","2293","620.62","20","false","1992-03-17 14:32:43"
"492","199","5747","3271.51","19","false","1983-06-27 11:04:22"
"382","696","1669","1768.03","52","false","1988-09-25 19:05:47"
"159","839","4653","4977.17","27","true","2017-02-24 06:29:51"
"217","277","9801","4523.22","17","false","1975-03-11 05:59:47"
"267","621","938","4692.23","44","true","1989-01-24 18:09:09"
"280","887","4807","2884.61","78","true","2021-09-23 20:30:07"
"429","901","9735","589.76","94","false","1992-10-26 00:18:58"
"432","832","7912","3987.02","43","true","1973-10-06 22:31:53"
"255","263","4494","3775.91","21","false","1985-02-03 04:39:12"
"456","566","7135","1627.72","54","false","2013-04-18 15:21:11"
"382","660","1681","1415.75","15","true","2012-12-15 19:41:43"
"456","777","3111","2620.68","82","true","1989-12-30 04:09:22"
"244","238","7537","297.30","54","true","2021-04-19 16:40:30"
"72","719","6563","2184.66","2","false","1981-04-30 00:11:33"
"287","836","4459","1482.07","2","true","1972-09-08 03:41:49"
"49","479","9006","2066.15","73","false","2003-05-30 19:01:36"
"490","558","1948","4230.99","0","false","1975-09-17 16:20:22"
"124","192","3882","2118.66","48","false","1984-03-09 06:19:22"
"196","982","5595","4373.26","66","true","2018-09-04 05:16:17"
"65","974","7889","3.24","66","false","1983-04-06 20:25:25"
"395","232","1947","2983.65","91","true","1975-07-12 03:34:03"
"115","709","8111","4847.13","36","true","1982-10-27 13:34:50"
"188","430","7898","4524.37","66","true","1980-04-09 08:51:39"
"326","828","4605","3519.14","67","true","1993-05-13 14:32:27"
"189","214","6191","1544.53","13","false","2002-10-29 10:40:19"
"268","501","5749","4797.58","53","true","2010-05-08 21:02:05"
"200","934","7642","3542.69","59","true","2020-06-11 12:20:10"
"70","628","9308","718.51","45","true","2001-11-02 19:00:29"
"492","274","1641","1518.57","56","true","2005-06-18 15:02:31"
"311","586","6757","3167.83","97","false","2021-02-28 07:30:07"
"186","359","69","4625.95","87","false","1978-01-17 21:56:34"
"428","920","5492","3648.57","51","false","1983-06-22 02:08:36"
"37","482","4142","31.56","13","false","1978-06-19 01:53:04"
