"385.25","1631.14","2013-11-11 20:11:06","0","2019","127","64724.4"
"1624.93","507.39","2010-12-25 22:05:58","1","3474","248","81201.69"
"2503.73","4480.57","1975-05-03 10:26:29","2","1360","102","348105.51"
"3134.41","4710.49","1994-04-08 08:38:56","3","687","179","39394.32"
"1072.64","4854.53","1975-01-29 02:48:13","4","477","201","7656.0"
"4749.58","604.21","1970-04-27 09:40:29","5","2486","245","91238.55"
"3414.91","1757.85","2000-05-14 21:08:36","6","544","166","237405.49000000002"
"2226.78","3505.64","2001-09-08 04:41:25","7","1923","173","54831.340000000004"
"554.75","4805.11","1997-03-23 07:24:11","8","646","210","169829.1"
"248.38","2690.04","2018-02-10 14:23:34","9","3964","43","38794.68"
"3622.96","1323.85","2008-09-07 21:40:45","10","613","204","203229.43"
"2949.94","1689.17","1996-01-18 14:03:58","11","3908","206","10761.75"
"4986.30","1225.85","1981-10-09 10:27:08","12","2784","99","73667.46"
"407.28","4152.18","1972-02-08 17:51:16","13","3159","263","183111.0"
"1859.40","1761.63","1974-03-16 06:13:46","14","2005","94","53921.92"
"78.16","421.90","1981-08-31 00:10:46","15","270","223","24479.410000000003"
"100.44","1769.03","2019-03-13 04:21:33","16","1943","64","72859.69"
"468.07","1486.62","2013-07-30 00:22:39","17","2067","73","247451.04"
"686.19","3846.73","1986-12-14 12:44:20","18","2890","38","254079.19999999998"
"3246.74","1025.51","2018-01-14 21:38:40","19","514","42","359784.88"
"3667.48","2711.62","2002-12-08 20:54:15","20","2970","190","358926.86"
"3874.05","4176.13","2017-12-30 13:17:48","21","1925","107","52119.0"
"4598.03","1830.44","1981-12-04 06:47:48","22","3436","261","111170.26999999999"
"1391.55","4432.98","2015-08-11 00:52:02","23","2370","15","75732.3"
"2687.82","4664.03","2021-02-12 18:14:49","24","1818","292","168196.6"
"2403.28","2544.37","2009-03-21 09:49:14","25","3445","191","3415.84"
"4535.48","4024.45","1978-08-23 05:48:52","26","2022","194","32724.45"
"2096.02","1564.95","1985-06-27 03:23:20","27","31","236","99945.7"
"451.50","203.47","1983-11-01 06:16:05","28","754","235","346174.7"
"2449.08","3535.90","1980-12-05 09:03:00","29","487","25","355120.92"
"2046.57","4304.30","2021-05-24 13:05:32","30","1977","42","48140.590000000004"
"2515.28","3845.83","1979-08-03 03:06:15","31","3927","90","245544.64"
"1445.02","4580.31","1990-04-17 12:47:29","32","3475","266","71079.56999999999"
"4378.69","3081.63","1987-06-16 15:31:59","33","1897","95","133417.62"
"2979.81","3927.04","1993-03-05 12:24:02","34","1902","104","126973.64"
"4836.23","2060.36","2006-01-16 08:27:39","35","1082","1","57751.979999999996"
"2303.69","100.25","2011-06-15 21:55:00","36","973","75","48246.24"
"1097.11","3055.63","1998-08-18 12:12:24","37","1549","146","227385.90000000002"
"2555.32","1646.45","1983-06-23 19:32:48","38","2055","38","96539.76"
"908.72","4946.70","1998-03-24 01:53:48","39","1595","237","261396.0"
"2279.33","698.32","1972-07-09 15:13:42","40","3435","31","219290.22"
"2541.87","1889.16","1979-05-08 18:52:00","41","3044","234","45033.12"
"2249.18","4588.50","2021-04-14 00:28:48","42","1831","199","291510.24"
"3812.30","2116.54","2001-04-01 07:52:32","43","2243","140","254612.8"
"4351.84","4837.37","1991-06-23 01:11:33","44","2721","294","312160.06"
"1336.68","2672.96","2021-10-28 00:47:35","45","839","29","62667.44"
"260.23","511.35","1976-06-30 04:36:14","46","2491","267","58892.399999999994"
"3729.65","2680.85","1973-10-30 12:27:16","47","1923","62","0.0"
"312.11","2141.23","2015-07-30 11:05:09","48","3644","204","23299.289999999997"
"1367.06","4469.07","2011-11-25 16:46:09","49","415","21","124587.25"
"1531.36","4803.11","2017-02-11 02:48:52","50","922","206","73016.75"
"3173.95","4536.36","1974-03-03 01:27:49","51","1204","275","5088.38"
"609.29","575.29","1985-07-30 09:19:16","52","142","230","2018.0"
"909.80","2656.69","2010-01-18 20:17:44","53","2856","264","7443.629999999999"
"3670.45","454.13","2018-06-30 15:00:51","54","792","195","160276.19999999998"
"2029.28","3116.15","2009-06-07 06:06:53","55","261","111","124142.76"
"1238.09","4779.50","2008-02-03 12:01:13","56","2760","161","88194.01"
"192.51","4905.64","2001-11-24 07:57:13","57","3052","220","234036.68"
"4944.46","3004.65","1999-09-12 23:32:25","58","2267","163","28933.899999999998"
"3572.36","1492.54","1982-03-18 22:44:24","59","1716","242","17771.28"
"3869.31","710.09","2011-10-14 05:40:19","60","3884","149","17460.12"
"394.29","2385.54","2019-09-24 04:01:59","61","1944","250","26608.4"
"4946.34","665.12","1973-12-29 08:46:15","62","451","124","47506.67999999999"
"2721.33","618.51","1996-11-17 21:10:12","63","2063","259","149563.52"
"4819.53","842.76","2016-01-09 01:31:57","64","214","150","24153.94"
"367.24","2962.04","2012-08-23 21:26:08","65","511","31","6534.68"
"1514.38","4392.21","2021-06-17 22:04:42","66","2023","147","69164.0"
"754.85","1273.69","2004-11-07 23:38:36","67","921","282","20091.06"
"458.36","4422.63","2021-03-18 01:14:44","68","867","166","4442.49"
"2402.24","668.29","1999-09-30 08:49:32","69","374","149","81111.95"
"3329.44","2571.06","1996-07-07 15:20:34","70","365","252","814.28"
"2128.66","2439.76","2004-11-01 17:06:29","71","3620","264","299950.42"
"1690.62","1454.14","2007-05-20 18:35:56","72","725","65","14184.039999999999"
"2661.80","4603.66","1998-05-21 16:03:04","73","2251","239","346335.12"
"3350.85","1090.24","1994-04-06 19:37:14","74","3582","256","241433.19"
"1954.13","969.90","2015-09-10 02:15:23","75","2823","129","134012.88"
"4491.99","4754.89","2003-08-13 15:43:42","76","3165","62","357239.39999999997"
"1658.43","2616.47","1985-11-16 23:04:22","77","693","55","43466.7"
"2827.99","3615.25","1974-10-15 20:53:00","78","2953","59","300307.58999999997"
"4422.57","392.45","1991-08-15 06:09:24","79","3354","17","45934.68"
"2264.84","2356.51","1970-07-01 13:46:30","80","313","133","60816.700000000004"
"4743.55","1224.25","2015-12-14 09:33:17","81","3259","47","35842.17"
"2389.42","1492.81","1983-09-02 02:32:17","82","3543","264","24253.74"
"1920.95","3090.74","1996-06-05 07:01:03","83","2014","111","240748.13999999998"
"591.88","1723.57","2008-11-27 14:51:49","84","630","122","316292.64999999997"
"1156.49","1345.37","1991-09-10 20:51:54","85","2555","62","284749.5"
"4801.80","1813.09","2014-01-07 10:00:09","86","3878","195","42481.98"
"1222.71","530.41","1981-09-29 14:03:29","87","415","118","421152.32"
"2033.19","2080.84","1992-07-13 16:01:54","88","1730","77","22643.02"
"3107.40","4801.60","1995-04-10 12:34:25","89","1911","169","2805.56"
"609.61","3871.11","2016-11-25 22:13:16","90","798","287","46775.85"
"3353.43","2368.46","1981-03-05 20:18:54","91","872","195","10003.0"
"2232.65","4164.29","2006-04-09 19:27:54","92","3864","151","9483.84"
"3751.67","4604.81","1983-02-12 00:06:05","93","1585","1","178112.4"
"4324.10","1479.71","1975-07-29 23:29:49","94","3367","249","8581.74"
"1886.72","3024.19","2017-08-26 15:49:14","95","3535","15","121299.93"
"4636.16","4899.23","1970-02-18 07:07:59","96","2369","79","51660.07000000001"
"4989.82","4071.99","2015-01-23 21:02:30","97","546","150","31824.59"
"4777.39","1517.31","1978-01-27 08:15:03","98","2265","116","112776.15999999999"
"2002.03","2585.28","1989-05-22 20:19:46","99","838","291","197938.57"
"924.06","3319.85","2018-12-03 11:17:37","100","2682","19","54473.16"
"4343.26","3107.69","2021-03-11 04:36:29","101","1759","212","28033.0"
"875.36","2875.36","2007-06-22 11:30:55","102","1996","241","410525.25"
"1292.98","1341.22","1987-03-23 08:28:52","103","918","277","279052.28"
"131.91","348.23","2013-09-17 14:28:09","104","1033","273","78183.78"
"1486.45","812.12","1985-11-10 16:10:19","105","2447","203","20033.79"
"2367.43","789.87","1998-09-15 07:51:30","106","1635","158","32285.25"
"4103.85","4092.65","1985-10-17 23:05:31","107","1538","179","9235.2"
"3509.65","263.25","1972-05-27 18:04:16","108","3098","236","28635.96"
"2496.36","3197.99","1996-01-09 11:34:02","109","3868","73","174387.86000000002"
"3740.14","4448.15","1978-06-28 11:53:37","110","340","90","0.0"
"3321.25","1496.93","1998-06-25 13:09:50","111","2152","57","65844.79999999999"
"3686.40","987.92","1976-04-26 18:22:14","112","1358","179","28572.0"
"3705.36","4047.19","1978-11-09 10:45:40","113","3813","239","197633.25"
"4399.82","4506.90","1971-08-30 05:40:11","114","1306","238","45183.54"
"1609.22","3889.54","1980-07-09 04:37:33","115","3677","186","149939.52"
"978.98","3458.79","2013-03-27 07:41:42","116","1589","41","73249.59"
"3200.26","4217.97","2001-06-09 05:40:13","117","3059","278","123291.7"
"4565.92","413.39","1994-11-21 20:26:32","118","3146","148","83389.67"
"1697.34","4651.48","2017-10-20 13:20:23","119","3789","139","117688.47000000002"
"4399.97","1797.71","1982-01-12 19:17:10","120","2614","8","75620.11"
"1152.37","2414.54","1984-07-31 15:08:50","121","453","84","20065.1"
"3582.19","4788.76","1981-08-29 05:47:05","122","3662","182","79980.58"
"150.97","2860.23","1976-06-23 15:52:05","123","2413","124","14211.68"
"880.92","3084.52","1990-02-23 10:02:53","124","1622","193","12410.289999999999"
"2955.80","2004.88","1997-03-14 17:40:04","125","2779","154","96886.72"
"1785.57","3278.97","2013-10-13 10:51:09","126","3108","299","58802.96"
"3350.34","303.53","2000-10-16 18:48:38","127","3596","94","331466.4"
"3022.80","1266.09","2014-02-25 10:43:32","128","1765","247","192792.08"
"3473.83","3192.47","2001-09-29 05:04:38","129","1916","219","383788.47"
"1328.41","3159.21","1990-09-26 19:25:29","130","2051","198","160824.8"
"832.97","2456.88","1983-06-27 16:56:58","131","45","47","0.0"
"1858.35","240.26","2019-08-08 08:47:58","132","1105","175","78917.70000000001"
"477.47","781.08","1982-01-28 09:26:40","133","829","131","338102.52"
"682.69","3379.11","1989-12-13 12:47:09","134","3264","238","253833.80000000002"
"686.95","1869.86","1978-05-13 16:28:11","135","2143","240","27003.15"
"4812.76","2932.07","1971-06-09 03:28:06","136","3081","188","77712.0"
"1056.04","3492.14","1976-07-18 02:59:13","137","200","230","30750.12"
"2741.93","818.77","1988-08-20 14:34:36","138","1552","167","156668.59999999998"
"2987.70","482.55","2020-08-22 09:18:55","139","1878","151","204664.9"
"3732.13","2494.72","1999-06-27 02:18:21","140","1558","72","8055.839999999999"
"3748.32","4996.48","2008-05-14 06:40:20","141","2505","287","50595.299999999996"
"202.15","1011.30","1997-04-01 07:01:11","142","674","219","112601.6"
"3575.44","1156.16","2019-09-20 23:40:58","143","204","73","151466.56"
"156.55","912.51","1986-02-08 17:14:30","144","3984","206","64111.8"
"1964.54","2662.26","1989-10-24 16:49:02","145","396","25","177449.47999999998"
"2696.22","1199.26","2019-06-23 12:21:39","146","2459","269","371528.25"
"3245.60","3765.91","1973-09-04 18:23:20","147","2701","59","189393.38"
"4125.24","607.42","1993-06-01 14:01:28","148","1913","292","110075.0"
"3738.30","4042.05","2011-08-11 05:28:34","149","1610","3","162627.94"
"3724.67","328.18","2009-08-01 02:27:50","150","1172","138","153991.2"
"4888.96","4882.26","2006-05-08 11:02:47","151","2082","104","350204.77999999997"
"3809.18","283.55","2014-10-26 07:09:40","152","2268","128","104906.76000000001"
"1615.40","4456.23","2014-06-27 14:13:31","153","674","201","2600.15"
"2041.86","1078.38","1985-02-10 16:45:04","154","1485","268","59854.26"
"3449.18","1762.34","2004-01-30 01:43:23","155","897","201","250323.77000000002"
"2461.91","2810.02","2002-04-08 14:50:59","156","3977","250","58276.719999999994"
"2183.17","4208.28","1971-07-26 00:20:26","157","2975","28","287416.96"
"1750.60","1120.45","1970-05-21 14:27:47","158","1628","106","141900.99"
"1838.03","4196.64","1979-05-15 22:59:46","159","621","142","218122.19999999998"
"4835.54","4149.66","2003-11-21 14:07:44","160","579","42","36458.7"
"1576.06","4137.67","2018-04-17 09:32:16","161","342","211","103911.94"
"3290.48","2120.09","2011-01-16 06:46:25","162","1350","0","2041.3"
"570.95","1898.54","1973-11-16 09:05:16","163","2392","140","270468.11"
"4793.68","3573.14","2018-10-11 10:02:00","164","3023","139","0.0"
"942.58","4672.97","1998-10-15 01:24:51","165","2991","70","75015.36"
"4979.36","241.71","2020-09-28 13:49:20","166","1686","75","345087.98000000004"
"1598.45","62.59","2001-08-06 19:09:24","167","1581","47","4793.7"
"846.72","3764.02","1980-05-07 18:44:57","168","2829","32","80166.73"
"1930.52","2988.64","2003-04-10 22:24:21","169","1563","235","117735.0"
"4935.25","1756.86","2008-04-07 11:10:32","170","2462","191","173056.6"
"1617.03","1030.65","1997-03-24 12:11:29","171","2521","206","65470.50000000001"
"3247.39","4339.20","1970-02-13 05:11:51","172","1780","23","7291.9400000000005"
"3537.96","2204.48","1978-05-08 09:52:51","173","3292","168","447674.19999999995"
"2087.52","3112.08","2014-07-23 01:27:27","174","1457","283","33404.520000000004"
"1997.59","3393.76","2001-01-13 10:26:51","175","1277","214","64407.72"
"3727.48","565.84","1995-02-04 21:21:07","176","2054","146","361036.80000000005"
"223.45","845.81","1985-09-14 03:36:54","177","3777","137","131239.04"
"1655.17","2974.25","1979-07-19 12:25:42","178","3415","9","416337.72"
"2377.52","3963.80","1991-08-16 07:10:09","179","2050","230","138765.87"
"3182.97","16.40","1982-12-19 14:04:45","180","2633","144","216519.8"
"1537.71","4006.46","2021-05-04 18:37:12","181","2951","99","32217.06"
"509.92","3121.94","2003-09-29 08:08:53","182","3471","153","281146.14"
"1124.81","3859.67","2000-07-18 11:08:36","183","1187","278","267008.94"
"3320.19","1121.58","1994-11-01 00:45:41","184","3244","131","162208.71"
"1153.59","3786.10","2021-05-14 00:45:34","185","3939","127","35610.26"
"950.43","4281.27","1974-11-05 19:39:11","186","3177","140","32616.96"
"2241.44","566.04","1986-11-11 02:55:44","187","3560","54","135689.62"
"4076.52","3751.02","2013-06-21 08:09:47","188","3859","52","87793.73"
"4197.97","2124.74","1987-08-20 06:12:04","189","3570","294","6953.969999999999"
"2467.05","1394.26","1994-04-05 18:41:48","190","818","8","174103.02000000002"
"235.79","4628.01","1971-01-15 04:17:16","191","3239","294","32049.92"
"1146.33","305.39","2020-05-26 05:41:50","192","40","77","61904.04"
"3484.29","991.56","1984-08-26 23:40:45","193","1180","207","16784.78"
"248.48","3486.19","2002-09-20 21:06:49","194","1665","43","194846.01"
"3602.95","1553.44","2021-05-18 02:52:20","195","1919","127","69704.51"
"334.23","94.93","2014-06-28 22:03:34","196","1710","16","53380.8"
"1376.68","4180.84","2011-01-04 02:41:40","197","1846","72","118317.36"
"838.80","1590.62","2017-11-22 01:17:17","198","1096","110","51184.64"
"884.44","2291.47","1982-07-21 19:08:17","199","1068","258","47903.72"
"196.42","640.55","2018-10-25 18:26:31","200","3866","233","153876.16999999998"
"557.99","78.06","1989-09-23 08:45:42","201","2184","164","1666.24"
"3619.30","4705.58","1994-05-22 15:44:36","202","1351","58","88871.64"
"39.33","1825.06","1973-08-04 20:56:51","203","1136","156","145358.4"
"1152.66","3350.08","1990-04-11 16:53:02","204","416","28","76682.48"
"1940.40","594.41","2009-02-18 20:13:18","205","3499","290","128204.4"
"442.43","4707.66","2014-12-03 16:19:35","206","1007","51","71925.12"
"3949.24","1925.88","2008-11-10 14:15:35","207","2057","264","201073.04"
"4312.52","3036.28","2019-09-24 22:38:54","208","1797","20","185745.9"
"3993.74","315.30","1988-07-01 16:14:02","209","812","281","98170.43999999999"
"4899.05","1117.94","1995-09-01 03:52:49","210","994","203","357586.41000000003"
"4542.79","4929.86","1990-12-16 13:28:14","211","3701","103","77119.6"
"846.40","647.52","1993-10-03 21:46:40","212","366","31","7038.110000000001"
"4924.10","2639.89","2003-09-19 15:55:03","213","441","224","253741.2"
"2341.57","3908.27","1998-01-05 20:23:41","214","1931","65","262048.88999999998"
"1050.86","4960.16","1999-11-19 19:34:55","215","278","207","112415.8"
"762.61","1789.77","1977-11-25 20:39:10","216","510","70","32819.76"
"4904.57","1746.32","1992-11-07 15:36:51","217","698","91","4471.48"
"4119.11","3415.86","1973-09-10 18:05:20","218","841","49","25305.29"
"1264.67","2381.80","2002-11-18 00:31:46","219","3860","112","367297.7"
"4790.69","3557.22","2011-09-06 12:01:27","220","1352","59","179666.31"
"1128.01","2171.26","1984-02-14 23:38:03","221","3475","72","68075.0"
"1509.18","4670.08","1992-01-13 13:25:03","222","3544","90","2023.08"
"1853.56","3335.98","1974-01-07 14:17:33","223","3815","122","44397.22"
"4921.30","2856.63","1996-10-21 18:44:51","224","3122","113","98565.39"
"141.43","4892.69","2007-10-31 05:43:08","225","2488","280","0.0"
"206.61","3962.12","2019-08-24 14:20:42","226","313","144","93059.7"
"974.83","4301.24","2012-10-13 15:20:54","227","3887","18","416880.24"
"4402.14","3148.66","2017-06-05 06:02:50","228","514","280","50901.3"
"2011.57","4578.34","2013-11-24 19:04:43","229","3030","280","96030.96"
"1462.83","2887.92","1984-04-05 14:46:21","230","3263","115","192025.35"
"1266.45","2990.84","2007-02-02 13:25:09","231","3677","211","296295.57"
"1628.64","4136.95","2011-12-15 11:39:57","232","3599","87","390620.94"
"396.29","370.83","2021-11-24 01:57:15","233","3119","261","71846.40000000001"
"3011.80","4850.56","1972-03-01 04:46:59","234","2200","113","4514.37"
"3935.32","1972.87","1971-08-23 13:06:57","235","95","232","13414.380000000001"
"1617.46","1663.99","2002-07-29 01:12:38","236","2860","260","75196.95000000001"
"2532.63","3532.91","1987-08-18 03:09:26","237","3538","230","55275.450000000004"
"1397.29","1986.37","1997-03-28 05:45:08","238","1835","215","254809.52000000002"
"4986.46","4998.17","1988-11-20 13:57:59","239","1161","64","25009.56"
"2434.14","68.80","1995-04-04 14:09:26","240","966","88","184886.66999999998"
"4751.53","3416.19","1990-04-04 21:32:06","241","1535","271","450911.37"
"4370.79","1588.77","2000-11-15 19:48:12","242","750","143","19869.300000000003"
"3544.75","4645.65","1985-08-06 12:28:03","243","2489","38","218650.33000000002"
"1758.74","3589.71","2014-10-10 07:19:34","244","3006","21","153837.86"
"2924.61","1821.76","1985-03-14 03:38:18","245","1418","134","62284.270000000004"
"559.28","3517.24","1978-06-10 00:03:23","246","47","97","146570.23"
"3949.21","0.27","1970-03-06 02:36:24","247","2673","26","133247.4"
"3212.17","1317.60","1972-04-01 17:14:02","248","1565","188","267128.48"
"3133.28","1084.41","2003-11-26 09:32:17","249","1484","299","259367.53"
"3953.80","70.80","1980-10-14 04:37:28","250","1578","282","138213.5"
"4667.93","1517.98","1990-04-22 22:19:03","251","3625","6","93612.0"
"242.14","931.00","1970-09-18 10:06:20","252","2491","182","53216.4"
"495.20","152.75","2007-06-21 14:05:30","253","1023","245","125380.64"
"4465.98","741.73","1996-12-16 14:32:04","254","2607","159","82196.52"
"428.32","2898.68","2006-09-07 07:16:01","255","3449","256","311318.28"
"2078.96","4526.14","2014-01-05 16:19:09","256","172","75","20697.5"
"2024.80","2660.98","1973-11-19 11:43:59","257","3303","185","9512.800000000001"
"2612.22","1651.43","1984-11-30 16:36:36","258","229","256","168708.6"
"488.62","1760.39","2009-05-05 17:43:24","259","3346","290","120040.0"
"4016.18","4295.51","1984-10-03 16:30:32","260","3631","79","99518.14"
"4915.92","249.36","2009-09-09 14:16:17","261","2229","38","30037.28"
"3271.04","427.95","1979-03-08 01:15:53","262","535","35","213021.27000000002"
"3520.25","3704.17","1992-04-02 14:15:11","263","3362","130","304054.39999999997"
"261.93","1655.67","1997-08-26 00:18:25","264","493","40","101146.18000000001"
"1499.93","2181.95","2006-01-15 03:26:17","265","1564","189","407550.66000000003"
"1446.07","3622.37","1980-08-03 21:11:03","266","2421","104","241344.38"
"2062.02","2104.47","2020-07-23 06:18:17","267","3616","101","321720.0"
"4310.22","347.37","1970-04-24 04:05:03","268","2874","0","78540.0"
"3214.77","124.39","1975-04-17 20:17:43","269","2408","259","12929.46"
"4042.70","349.50","2013-10-04 14:17:19","270","1804","91","493.45"
"4789.28","2728.60","1982-05-21 07:41:12","271","2485","129","54893.8"
"2749.10","4904.72","1978-10-30 13:05:23","272","1653","206","21094.97"
"2723.89","2982.49","1976-12-30 14:16:35","273","1419","279","367712.1"
"4722.67","2609.61","1979-08-18 22:43:47","274","1488","213","55785.11"
"2360.91","2013.16","1992-06-09 00:47:55","275","3041","210","74378.33"
"205.33","2439.03","2012-12-29 10:07:20","276","1707","198","405824.55"
"212.84","4170.75","2021-12-04 16:42:22","277","1104","77","335464.2"
"3953.34","184.09","1998-03-16 15:20:04","278","577","231","88442.38"
"127.98","3558.52","1991-05-31 04:39:16","279","2737","265","235621.5"
"3576.91","2035.45","2018-05-07 07:51:49","280","1163","79","405904.97"
"103.63","72.79","2016-10-14 17:34:08","281","3659","236","63574.56"
"2787.17","1720.54","1980-04-16 19:43:37","282","2331","62","23766.72"
"4004.65","4722.94","1998-12-04 16:56:38","283","990","238","16436.88"
"2901.51","1376.69","1984-05-07 04:38:08","284","2005","220","37461.060000000005"
"1251.30","1843.62","1991-02-22 11:39:01","285","1661","46","22411.2"
"3322.15","4691.49","2004-09-04 10:06:23","286","3436","51","62478.75"
"468.62","3361.23","2019-12-18 14:25:14","287","1300","69","69737.2"
"3581.09","889.93","2021-03-06 14:41:22","288","410","1","2195.3999999999996"
"1163.26","206.70","1978-09-07 17:53:10","289","3770","1","149074.96000000002"
"3697.92","103.53","1975-11-03 03:53:04","290","1619","298","199.38"
"4255.48","34.10","1994-06-15 05:59:42","291","3635","158","257366.88"
"3205.81","641.36","1976-06-21 08:07:01","292","2919","279","96204.42"
"915.14","1657.48","1982-03-11 22:12:44","293","762","211","276039.6"
"2768.69","1908.65","1990-08-27 15:51:27","294","1885","289","86623.2"
"2100.73","3198.83","2020-07-12 17:50:47","295","2440","120","26288.5"
"4939.81","446.77","1974-06-17 03:38:54","296","568","179","24694.41"
"3935.10","3169.98","2009-03-17 23:11:50","297","253","0","210382.19999999998"
"480.57","2392.33","1999-05-30 04:52:09","298","2112","172","82399.2"
"1860.51","2733.69","1971-06-20 06:13:21","299","1830","288","170550.69999999998"
"1136.81","2840.81","2011-08-22 14:25:24","300","2543","181","12422.999999999998"
"746.49","4754.37","2010-08-18 15:56:31","301","3249","226","87750.25"
"140.03","623.83","2019-04-24 03:09:53","302","722","92","35102.43"
"3627.96","1018.74","1980-11-10 13:58:08","303","3974","142","11930.400000000001"
"4027.31","4006.96","1988-10-27 08:45:17","304","3788","3","72744.63"
"2803.96","807.79","2009-06-20 12:09:17","305","1499","235","92253.56"
"2002.93","3268.75","2008-10-11 08:21:15","306","281","198","88823.8"
"1971.95","872.77","2021-08-14 02:07:01","307","3272","36","126110.40000000001"
"3736.54","1465.12","2005-04-15 11:40:36","308","336","96","209844.05"
"3815.61","3365.58","1998-09-11 17:14:10","309","419","270","4302.72"
"3345.51","3136.06","2007-05-23 13:03:02","310","3084","201","9080.61"
"4174.36","2910.30","2008-06-20 00:08:42","311","2609","220","67777.92"
"2216.16","4555.05","2008-05-05 14:16:23","312","3378","75","202789.44"
"1776.38","202.12","1988-07-05 11:39:35","313","1517","247","4588.8"
"1734.13","3827.38","2003-10-30 08:28:07","314","1393","57","105995.43000000001"
"3459.07","1139.38","2007-07-25 14:59:34","315","1980","206","126213.97999999998"
"2834.58","614.07","1980-06-30 21:52:09","316","82","297","460.23"
"2619.54","3197.90","1991-03-03 12:37:32","317","3925","131","161660.24"
"455.65","2775.62","2018-05-28 18:35:05","318","1744","274","451515.4"
"1332.87","1879.64","2005-10-13 16:18:16","319","2514","106","102437.76"
"1486.77","2738.52","1998-06-02 01:20:18","320","544","181","179571.28"
"3710.08","2624.81","2019-05-14 23:52:05","321","1381","97","106327.20000000001"
"1955.98","1774.34","1998-09-05 12:17:00","322","3609","38","89287.20000000001"
"589.14","1687.00","1994-08-04 03:46:01","323","724","72","269044.8"
"2724.05","2707.57","2005-05-21 21:57:43","324","3681","279","195841.62"
"2341.95","4635.37","2004-01-26 16:18:35","325","598","152","47260.100000000006"
"191.83","2145.33","2005-07-07 20:08:45","326","3069","259","113144.89"
"4807.95","2745.91","1987-08-12 17:43:34","327","392","111","20375.829999999998"
"2301.25","1096.70","1975-03-13 17:05:37","328","2711","247","14255.76"
"2903.41","1258.80","2004-06-19 08:21:06","329","2258","114","248141.37000000002"
"3996.18","2533.96","1993-02-13 18:23:08","330","1362","252","87984.40000000001"
"362.84","4070.05","1974-07-09 17:06:09","331","139","38","30794.94"
"2919.52","3799.74","1987-12-25 10:18:04","332","3967","260","19511.309999999998"
"4853.43","13.64","2016-09-18 19:19:43","333","941","176","65696.5"
"1072.54","3758.89","1982-01-30 19:44:35","334","1055","258","219094.14"
"4354.97","3626.62","2008-01-15 16:49:57","335","134","131","266591.85000000003"
"2043.25","148.29","1970-03-07 01:51:55","336","2599","163","242786.02"
"665.43","2459.84","1976-05-15 17:22:03","337","1211","264","380492.2"
"4883.97","2766.33","1977-12-06 04:34:17","338","722","130","194541.12000000002"
"4140.47","1533.81","1998-11-26 16:50:32","339","2104","263","80052.47"
"3768.91","750.74","1976-06-23 01:20:30","340","2231","186","30722.399999999998"
"4130.02","4798.83","1970-06-21 12:50:17","341","3889","209","149349.31999999998"
"3917.73","914.52","2018-01-20 11:03:59","342","626","93","247582.4"
"2582.63","2521.62","1974-11-10 00:17:56","343","224","149","26520.78"
"2973.04","1269.79","1970-05-12 11:32:05","344","1181","196","14754.48"
"253.11","2151.94","2013-04-25 15:14:51","345","610","271","8901.98"
"564.59","3693.68","2021-03-09 01:32:42","346","3685","194","9555.369999999999"
"4931.87","1523.82","1985-03-04 22:25:02","347","1709","138","18854.28"
"3036.63","1515.96","1973-06-12 02:30:58","348","3889","65","101241.63"
"2691.34","3922.59","2010-12-12 00:54:41","349","668","254","160708.45"
"3669.34","2951.33","2010-05-05 23:31:17","350","3940","187","17723.399999999998"
"905.27","2058.95","2014-01-30 02:25:24","351","2216","140","182904.64"
"4660.89","2622.78","1983-11-07 02:44:21","352","2493","218","365504.9"
"4708.20","970.34","1976-12-02 09:04:25","353","3574","214","13728.99"
"1000.12","896.10","1985-07-26 13:00:14","354","1884","267","163759.2"
"3773.30","3620.44","1977-02-15 00:39:01","355","2300","97","325511.64"
"2101.89","598.52","2009-10-14 07:27:58","356","843","221","55058.880000000005"
"3613.50","2809.59","1985-07-22 05:16:31","357","2107","215","216961.36"
"4887.70","2106.86","2014-04-07 20:23:05","358","2497","101","57929.96"
"3136.58","2383.77","1981-04-26 00:24:21","359","106","125","233779.26"
"3609.54","1205.28","1986-11-30 13:16:19","360","514","251","2253.76"
"391.18","2959.82","1991-03-14 20:38:03","361","1620","216","160442.89"
"1692.09","2732.87","2016-05-03 17:14:50","362","3718","139","30906.88"
"1317.35","1673.27","1997-02-03 17:39:06","363","2675","174","35108.71"
"1353.57","261.13","1992-02-24 23:12:37","364","3735","42","140561.19"
"3048.02","983.10","1994-04-01 11:54:12","365","1830","192","9528.88"
"893.71","3582.32","1982-03-02 20:07:36","366","350","3","70957.5"
"4061.01","2439.21","2021-06-14 19:31:41","367","1520","257","261104.36"
"1007.64","1479.03","1975-06-04 00:07:14","368","148","278","78270.6"
"45.64","4064.89","1999-01-26 12:12:52","369","363","55","50987.16"
"4433.55","3696.22","2003-07-16 10:00:15","370","2988","226","347373.89"
"4748.39","4397.64","1992-04-22 08:15:14","371","2797","99","112622.12"
"1343.52","2505.71","2008-12-06 06:07:50","372","2136","198","248906.4"
"3113.34","2697.20","1981-09-03 07:41:27","373","545","286","60548.899999999994"
"376.43","3391.70","2004-10-04 13:34:15","374","2451","254","37137.06"
"1421.99","630.95","1984-01-03 01:29:06","375","3457","132","6338.35"
"2970.59","3724.75","1996-03-20 19:09:23","376","3876","127","204966.4"
"4456.90","4717.17","2011-05-04 11:49:48","377","1069","99","108148.77"
"983.07","790.91","2000-09-01 01:32:35","378","2827","275","99051.56"
"149.59","1051.99","1973-12-22 12:25:13","379","2696","292","87682.56999999999"
"4948.25","109.21","1984-10-29 03:52:30","380","2065","248","100883.88"
"1351.72","3834.79","1982-01-23 02:05:11","381","2977","67","159970.0"
"3596.19","2513.68","1993-04-25 03:02:35","382","731","173","13592.07"
"4440.56","3221.49","2019-05-12 15:20:22","383","2825","253","192220.82"
"2471.23","98.78","2021-01-20 18:18:35","384","1303","24","252132.65"
"2742.36","2339.81","1993-07-30 15:01:31","385","2803","7","161288.40000000002"
"1693.89","2645.66","2015-03-27 04:41:27","386","1143","6","63861.84"
"1899.70","4546.06","1981-02-10 07:29:58","387","25","61","182077.65"
"2353.31","4871.16","2018-02-16 02:00:18","388","1571","205","49760.399999999994"
"4676.66","2459.00","2012-08-17 15:55:14","389","1892","170","4428.54"
"3225.25","4992.32","1996-02-28 23:55:58","390","3789","272","316252.44"
"2608.39","4486.55","2011-11-08 16:00:35","391","3958","26","4253.58"
"789.30","471.16","1970-07-28 13:55:13","392","2840","235","40643.9"
"1239.55","3983.55","1987-11-05 13:46:34","393","711","60","214464.15"
"4736.41","4360.58","2007-09-09 19:07:47","394","1453","111","120859.20000000001"
"4906.53","3007.92","2004-03-26 13:27:46","395","2426","80","38399.0"
"71.11","1530.27","1976-07-02 13:31:07","396","3714","126","71524.78"
"4129.52","2870.17","2007-08-21 12:23:08","397","1254","266","137839.68"
"989.03","2601.43","1977-06-04 03:39:37","398","1037","158","9842.6"
"88.57","1301.80","1980-05-24 22:18:30","399","3741","125","11602.349999999999"
"2611.43","1050.85","1970-07-22 13:11:38","400","2933","86","19826.84"
"1105.14","4560.07","1989-07-18 11:09:55","401","79","3","334903.14"
"2830.46","566.48","2004-10-10 08:51:39","402","823","174","17290.350000000002"
"826.89","2823.77","1973-02-02 06:56:23","403","2592","186","23812.88"
"4485.21","453.94","2004-06-29 00:52:23","404","975","280","155713.88"
"3447.62","2335.83","1994-06-10 21:20:35","405","3263","74","4685.03"
"2924.04","314.32","2005-09-04 18:29:36","406","1021","165","119202.18000000001"
"2129.45","884.20","2021-09-20 23:36:47","407","56","124","107826.42000000001"
"1956.12","4479.97","1991-11-26 14:12:13","408","2328","182","30542.72"
"4003.14","2659.50","2016-05-10 18:36:06","409","3684","160","32689.96"
"4408.75","1218.27","1990-01-24 16:22:45","410","2542","210","63462.299999999996"
"4454.69","382.10","1979-08-11 02:53:35","411","1244","59","202869.19999999998"
"635.22","1032.25","1981-03-08 07:29:51","412","667","11","5066.85"
"2514.45","4943.66","1986-04-05 20:18:50","413","1392","127","151854.47"
"43.48","3431.00","1972-05-11 20:24:56","414","525","199","8883.92"
"371.01","2742.29","1978-12-30 00:53:00","415","1164","154","98366.88"
"3576.74","7.04","1983-04-08 19:02:14","416","1638","278","49048.2"
"3586.53","3914.42","1970-08-19 02:39:04","417","757","11","3710.82"
"1927.80","3449.56","2015-12-22 13:18:16","418","999","149","101332.08"
"1604.61","2.55","1980-09-23 16:09:00","419","2503","158","238812.84"
"2973.83","4142.57","1971-12-29 22:59:00","420","885","294","3194.84"
"4563.61","4159.51","1974-08-12 21:54:57","421","378","263","81702.54"
"2699.02","1165.23","2002-03-11 21:27:36","422","3588","261","143893.79"
"246.79","3421.39","1977-04-13 06:55:17","423","2195","222","359511.2"
"1787.91","2407.28","2001-01-01 15:25:23","424","3243","101","248544.75"
"3580.51","1095.80","2003-06-27 07:00:51","425","390","94","229824.68000000002"
"564.10","3156.92","2020-07-07 11:40:16","426","1083","26","169325.09999999998"
"3963.76","3393.67","2002-12-04 04:29:12","427","1902","270","61489.2"
"2790.42","3169.50","1972-07-23 23:08:02","428","3647","162","76828.96"
"3763.14","3659.03","2016-06-10 15:06:07","429","3716","115","18108.86"
"4830.28","4940.44","1988-10-09 21:58:58","430","24","227","91520.91"
"2624.60","3449.76","1986-06-27 17:24:48","431","773","198","9785.380000000001"
"1429.08","4773.30","1995-07-28 13:56:54","432","2726","250","151240.83"
"1143.21","3736.37","1986-06-15 07:41:37","433","1389","102","142413.03999999998"
"417.48","2745.16","2019-10-18 13:44:50","434","1313","224","82864.39"
"3972.05","2567.77","1975-02-02 16:17:42","435","1520","175","45110.08"
"4985.05","1121.53","1992-10-30 00:13:44","436","398","71","216026.25"
"1886.66","2926.03","2004-01-17 18:41:54","437","2820","151","165883.9"
"3098.22","4954.89","2015-09-23 23:20:00","438","3649","18","2776.7999999999997"
"2495.53","2392.44","2015-12-30 15:33:26","439","3448","287","36225.28"
"1719.43","2910.87","1982-05-24 05:46:54","440","3508","87","320694.11"
"4461.14","1565.43","1974-01-04 17:49:30","441","636","240","282522.4"
"2521.25","4901.20","1972-12-26 06:11:51","442","482","156","134962.24"
"1098.78","498.72","2013-01-15 09:51:54","443","1078","245","385471.81"
"2233.02","1567.64","2002-03-14 08:35:24","444","3571","137","6242.789999999999"
"2839.11","211.77","1984-01-17 22:06:12","445","1035","225","48217.619999999995"
"989.95","2873.35","1994-10-28 10:46:58","446","1191","21","251972.63999999998"
"4186.74","206.44","1994-04-17 12:59:54","447","1951","103","225848.34999999998"
"3220.11","4029.34","2002-03-14 04:13:14","448","3126","172","75714.0"
"471.24","3945.83","1973-12-11 08:36:19","449","3261","231","58847.76"
"3006.81","2216.14","1994-09-03 06:13:05","450","827","172","70631.12"
"727.99","1375.69","1985-04-09 02:44:47","451","1031","231","53863.6"
"3856.15","2364.60","1987-11-14 02:59:53","452","3300","44","157658.4"
"3206.74","2169.76","2015-02-01 01:50:34","453","3421","173","205043.78"
"3065.23","4597.89","2009-12-14 07:43:49","454","3243","223","61662.36"
"3055.28","4447.75","1998-06-23 04:19:58","455","1829","248","67475.75"
"4732.70","575.84","1992-10-14 06:34:57","456","3317","7","23005.100000000002"
"2072.51","257.54","2001-07-02 13:34:55","457","1373","211","1186.48"
"3150.92","843.28","1980-04-25 07:28:58","458","2601","236","106564.32"
"3019.06","664.49","1970-07-01 03:32:11","459","3426","79","176649.71999999997"
"1178.06","2670.09","1993-08-07 11:26:17","460","1525","128","12991.78"
"2835.17","1866.05","1994-02-04 10:16:46","461","2363","173","72848.16"
"3374.73","4679.74","1975-08-31 20:10:44","462","1825","149","79211.25"
"1543.77","298.34","2002-03-19 00:33:55","463","1366","16","146124.54"
"2398.91","2568.56","2010-04-11 07:59:45","464","2631","250","106054.5"
"2970.25","4446.26","2018-02-02 00:07:29","465","727","292","189772.03"
"1995.56","3719.01","2014-01-01 07:16:54","466","2497","67","124534.8"
"3053.84","1520.14","2012-11-09 19:32:12","467","3643","246","71645.40000000001"
"139.28","4126.99","2010-07-04 02:34:26","468","1363","180","90294.48"
"1203.45","4656.68","1979-06-20 12:01:39","469","1219","267","109349.35999999999"
"2210.20","718.34","2016-08-10 05:14:02","470","1896","131","153638.1"
"18.73","1233.77","2015-04-21 14:06:53","471","2951","142","81859.08"
"219.59","3178.95","1981-12-15 12:36:41","472","2268","150","28768.409999999996"
"2673.72","2066.61","1997-02-03 17:57:28","473","282","147","92375.73"
"1769.70","43.36","2014-05-03 02:18:58","474","461","270","93314.79999999999"
"642.47","3806.63","1973-12-19 23:30:37","475","660","161","85505.07"
"3220.09","1517.66","2009-01-09 10:10:13","476","1132","188","202757.30000000002"
"773.40","4882.09","2008-06-04 13:58:07","477","1349","299","102844.53"
"1676.83","4473.62","1987-09-23 12:10:33","478","2256","181","44201.97"
"3510.13","1138.89","1995-12-07 22:03:15","479","1971","89","147945.01"
"1049.09","4703.86","2010-08-06 03:35:42","480","471","215","14675.369999999999"
"4170.47","3245.36","2020-07-05 09:22:50","481","1299","94","95156.63999999998"
"689.26","3952.61","1996-08-25 07:46:06","482","2053","247","71404.0"
"3602.78","4551.65","1981-01-22 06:48:22","483","3397","264","34919.950000000004"
"2530.74","2572.66","1998-08-11 08:55:06","484","2716","72","321126.60000000003"
"269.39","2223.63","1975-01-12 16:13:46","485","2596","89","25289.32"
"3247.96","2137.10","2015-03-06 14:05:08","486","257","66","73763.88"
"3672.39","4432.62","2012-02-20 12:08:28","487","3618","138","27324.92"
"733.96","227.15","1975-03-12 12:57:34","488","1557","148","20946.77"
"2331.01","2129.66","1974-06-03 02:27:34","489","2701","265","35300.880000000005"
"4627.84","3877.40","2015-02-10 00:11:52","490","3958","139","358692.3"
"1602.11","1442.45","1999-03-16 19:39:05","491","445","237","82009.31999999999"
"3766.22","72.23","1989-02-03 11:36:28","492","54","249","57515.15"
"3499.41","4113.80","1985-02-04 08:38:58","493","2821","291","348801.75"
"398.15","3406.48","1998-09-01 03:30:53","494","2146","274","242811.36"
"4496.96","1528.25","2009-05-29 18:16:12","495","1525","262","185919.48"
"3598.37","1546.64","2003-05-28 07:03:46","496","1090","164","150662.52"
"4892.96","3082.47","2009-04-02 00:08:52","497","175","226","5364.04"
"3368.59","1907.71","2020-01-12 03:25:02","498","906","201","208124.17"
"3862.19","3517.38","2009-10-20 08:21:20","499","1602","205","5938.5599999999995"
"4589.82","1553.15","2019-07-21 12:11:41","500","2258","83","201059.01"
"1435.51","765.61","1995-12-07 02:34:54","501","3860","172","264813.81"
"3542.33","3102.99","1984-09-08 03:27:52","502","595","284","214822.9"
"1309.06","50.06","2018-04-07 16:24:09","503","2103","85","142489.6"
"3513.98","1409.19","1992-04-17 08:06:40","504","1062","262","85830.46"
"25.13","4472.41","2013-05-01 08:48:00","505","628","131","33302.8"
"1596.69","995.40","2012-08-19 10:00:21","506","199","270","234358.45"
"760.78","1144.52","2003-12-18 17:35:56","507","3350","43","37833.51"
"1282.39","2011.98","1994-11-04 02:42:51","508","3777","47","127057.0"
"4165.07","1749.98","2014-12-11 23:28:35","509","989","98","12597.1"
"621.17","4578.50","2013-08-24 06:57:48","510","3170","128","272701.39"
"2713.01","1256.09","1985-04-04 10:21:07","511","2813","48","9206.119999999999"
"1128.62","2478.63","2007-10-04 12:06:41","512","204","170","262669.4"
"513.40","2430.20","2014-11-12 01:39:19","513","835","55","170340.66999999998"
"305.78","3681.59","2014-05-18 00:04:12","514","2274","140","40956.740000000005"
"1575.35","3672.57","2007-03-24 12:54:05","515","2374","48","124195.20000000001"
"4413.67","2346.07","1987-01-28 07:02:54","516","1294","45","74823.32"
"3838.41","3592.02","2001-03-12 18:45:50","517","777","151","176449.77"
"3009.00","1318.13","2019-05-17 17:02:23","518","466","295","301037.56"
"4894.50","475.78","1987-09-03 10:47:52","519","3969","236","7929.9"
"2882.12","2903.85","2018-08-03 01:57:13","520","619","238","24311.54"
"3650.82","2871.97","2015-11-06 15:34:09","521","2965","288","29891.399999999998"
"2692.95","792.94","1998-11-23 14:42:14","522","664","99","7554.99"
"3872.75","4438.62","1972-06-21 05:06:36","523","568","245","106322.01999999999"
"3849.08","2710.33","2021-11-17 06:07:28","524","731","133","37601.380000000005"
"2145.68","3291.11","1990-06-22 23:52:16","525","1488","263","76217.76"
"2317.82","1748.21","1980-08-13 06:01:10","526","3270","285","30826.44"
"512.48","4799.64","1972-07-09 21:35:25","527","3728","137","49425.28"
"4458.05","2572.60","2021-04-02 22:44:28","528","1921","148","20797.2"
"2063.04","958.90","1985-02-14 01:19:20","529","1529","297","239752.44"
"2001.75","4902.89","2005-05-05 04:06:28","530","2358","228","131769.18"
"3936.04","1487.44","1984-06-09 02:31:36","531","1181","294","70892.28"
"2873.18","2209.86","2017-05-16 00:11:14","532","1903","195","13355.029999999999"
"1058.15","959.56","1979-06-11 17:43:11","533","2852","272","17497.25"
"3772.34","1971.63","2003-05-06 05:02:06","534","2289","47","14445.199999999999"
"743.52","36.86","1987-12-08 10:48:54","535","1541","53","12287.0"
"2331.34","378.38","1984-07-05 13:23:33","536","1546","271","303523.08"
"4253.11","1002.15","2008-05-28 06:16:17","537","571","289","33272.75"
"4746.01","3753.75","1998-11-15 18:47:47","538","437","101","137511.27"
"1946.81","1107.72","2009-07-07 02:52:16","539","656","60","20802.88"
"4701.88","2283.62","1975-08-07 04:16:02","540","2104","215","334315.14999999997"
"4985.00","4572.21","2009-10-20 02:25:22","541","1316","40","254868.30000000002"
"1798.43","1894.38","1986-02-22 01:57:56","542","2055","141","306255.46"
"4700.35","4474.16","2021-07-15 17:40:37","543","2670","48","17729.32"
"175.66","3558.76","2016-09-17 11:35:03","544","3645","208","34209.91"
"864.79","2887.58","1972-06-22 10:12:23","545","1661","188","605.1"
"3008.61","4098.94","1972-12-23 17:06:38","546","2473","169","4249.14"
"1333.10","1967.14","1982-06-03 03:30:37","547","718","72","213102.28"
"1093.97","2041.48","1985-02-26 01:47:21","548","1361","30","414252.96"
"16.35","4902.13","2010-03-28 09:39:53","549","590","150","365379.0"
"2809.80","938.97","2005-03-13 20:23:29","550","24","285","142016.63999999998"
"4638.09","3033.10","2010-06-30 21:14:46","551","1706","229","92060.67000000001"
"2787.48","3188.65","2010-05-22 07:16:29","552","2580","187","1615.74"
"3145.92","1858.14","2018-01-19 10:06:53","553","1464","203","162431.61000000002"
"804.08","2418.82","1988-12-31 19:11:16","554","2967","250","24074.100000000002"
"1486.04","726.13","1979-10-05 13:40:49","555","2960","85","337811.3"
"838.70","3654.60","1973-09-11 07:45:41","556","821","113","9701.92"
"2237.86","1866.35","1997-12-12 05:25:10","557","2638","165","120300.48000000001"
"4037.68","3328.90","2003-12-30 23:38:46","558","2752","137","197011.98"
"1574.71","614.04","1971-03-19 22:54:33","559","2969","258","111704.56000000001"
"1177.28","2465.21","1984-03-30 02:24:46","560","2070","145","22026.5"
"3082.60","1984.35","1995-03-01 14:11:51","561","2971","26","494018.91000000003"
"3839.73","2682.04","2021-03-23 22:53:35","562","290","68","59563.8"
"3601.47","1460.82","2010-07-02 01:20:58","563","3717","94","21908.260000000002"
"2727.98","964.53","1998-06-19 13:24:10","564","3597","28","100293.27"
"3148.88","227.49","1994-02-26 10:00:22","565","117","35","108920.23999999999"
"3478.39","2799.75","2020-11-14 16:26:41","566","234","16","0.0"
"3447.90","3688.97","1974-02-11 10:47:06","567","3408","133","142369.97999999998"
"2654.11","4023.67","2000-12-06 10:20:46","568","64","210","24858.899999999998"
"2107.60","3632.38","1972-03-14 10:06:30","569","2668","25","32215.769999999997"
"3081.99","4311.57","2007-06-30 12:54:42","570","1477","164","0.0"
"3025.37","1105.28","1992-09-14 20:53:21","571","2393","196","128762.90000000001"
"3851.05","2403.05","2018-10-29 06:56:22","572","848","23","181727.44999999998"
"3626.34","3116.07","1987-11-20 06:29:33","573","3991","250","114394.01"
"2049.75","3825.20","1989-06-05 12:55:47","574","2123","165","12254.01"
"4176.65","2694.40","2015-05-21 14:24:33","575","2358","101","243388.8"
"1271.97","510.81","2007-11-10 07:36:02","576","3025","117","125357.8"
"2607.12","4406.95","1977-12-05 04:58:54","577","510","88","325192.56"
"3877.04","3378.14","1983-12-09 16:10:16","578","3095","19","57650.65"
"1197.84","4159.05","1973-02-20 19:40:58","579","3881","81","0.0"
"1329.67","1523.44","1979-03-20 00:24:10","580","3700","125","10311.01"
"3674.04","1690.96","2014-12-04 21:18:24","581","1947","163","2997.95"
"2957.98","3857.82","1986-03-21 23:50:24","582","2427","77","236369.69999999998"
"2961.69","4600.62","2016-05-28 10:13:39","583","3159","286","406128.96"
"1975.90","1603.96","2014-03-06 23:03:26","584","2552","131","276769.92"
"2223.23","2357.66","2003-02-01 04:38:11","585","2848","204","187162.52"
"629.76","3981.73","1989-10-09 08:57:21","586","3848","61","193883.58000000002"
"973.52","4451.21","2001-05-29 22:50:07","587","3662","74","68246.4"
"4949.04","3117.04","1995-01-19 10:05:46","588","3550","5","407156.52"
"4388.42","675.89","2001-09-05 18:32:52","589","802","62","300980.79"
"651.29","379.36","2020-01-14 12:52:23","590","119","149","82421.04000000001"
"3096.48","2901.32","2002-02-08 14:12:51","591","2609","59","65097.90000000001"
"3920.98","3262.18","2011-03-20 11:05:11","592","3616","48","259852.33"
"1134.80","3424.46","1979-01-05 05:10:55","593","25","276","104124.90000000001"
"3689.45","949.79","1984-05-10 12:59:22","594","3410","101","90817.24"
"1239.60","1371.51","1983-11-14 13:02:59","595","1062","179","92984.0"
"4198.26","2339.33","2019-01-15 05:35:42","596","1887","143","154617.78"
"1229.86","2796.81","2002-12-19 03:44:34","597","2078","183","2259.0"
"1124.71","4815.14","2021-11-21 01:49:09","598","3256","214","6585.04"
"446.51","246.03","2002-01-23 01:01:49","599","143","76","4162.5"
"2230.59","3764.61","2003-07-06 18:09:31","600","863","23","298867.62"
"4115.29","1235.58","1999-10-31 22:51:54","601","813","299","14940.240000000002"
"3127.11","2671.26","2006-08-20 05:15:16","602","109","76","222177.12"
"2532.67","2323.91","1973-01-16 09:23:32","603","735","35","197625.59999999998"
"3321.24","1401.59","2014-03-27 06:53:43","604","3191","83","102198.31999999999"
"60.10","376.71","1996-11-12 00:16:01","605","3754","90","67996.8"
"2300.43","3872.68","1971-03-15 19:21:50","606","3974","33","12900.4"
"3684.85","3974.38","1980-05-23 00:10:30","607","990","55","181077.23"
"4306.01","4278.23","1976-07-28 19:37:27","608","3222","139","262832.77999999997"
"1152.59","2626.86","1990-01-23 08:16:49","609","3032","156","188980.44"
"2464.85","1720.48","2011-11-25 21:21:11","610","259","268","337986.15"
"219.43","2773.57","1999-06-18 12:22:38","611","1467","128","400757.46"
"4923.72","2453.16","1989-10-17 04:25:27","612","2713","22","8302.56"
"2840.48","1687.49","2016-06-27 04:12:28","613","306","27","4157.48"
"158.54","4715.56","1986-06-03 10:15:52","614","2377","127","77946.29000000001"
"1705.51","885.42","1991-12-19 17:30:09","615","1309","262","52726.6"
"2624.76","466.48","2008-09-11 18:29:17","616","2226","119","17678.93"
"300.07","1901.41","2014-11-04 16:41:53","617","1343","264","167045.9"
"298.01","3855.87","1987-11-23 04:05:06","618","376","237","192434.88"
"1845.62","2002.49","1974-07-24 15:53:18","619","279","75","72484.79999999999"
"24.27","2507.27","2001-10-15 20:56:33","620","1271","238","13508.92"
"3806.19","2691.86","1989-04-04 07:15:26","621","3001","294","8315.76"
"2007.57","4928.69","2018-07-07 21:06:31","622","1927","256","1234.53"
"279.43","957.94","1970-08-17 07:36:48","623","918","205","303666.22000000003"
"4473.81","1010.35","2017-04-12 15:27:15","624","2785","164","243516.78000000003"
"2404.29","1902.47","2020-12-18 18:09:15","625","3601","250","10918.18"
"3140.00","4669.13","1981-09-11 19:53:32","626","1830","187","37214.1"
"1834.90","1925.73","1986-10-06 14:24:27","627","3994","298","844.36"
"1227.79","3998.45","2002-09-02 12:19:08","628","3839","175","460741.94"
"3234.13","3506.37","2014-01-04 10:38:21","629","3651","28","200816.0"
"4414.29","4086.00","1986-09-08 00:08:41","630","1578","296","194676.47999999998"
"4035.36","1956.17","2012-11-02 08:04:09","631","3649","62","424620.9"
"4291.25","4194.67","1985-02-23 03:18:57","632","1013","20","329290.68"
"2727.84","151.46","1993-09-29 15:14:28","633","1649","242","190971.0"
"1564.59","42.31","1977-06-26 15:25:58","634","574","235","54351.99"
"1637.90","359.71","1982-12-26 08:32:45","635","2417","198","361297.44"
"3511.19","4026.20","1971-12-24 15:21:25","636","3880","111","176971.44999999998"
"515.07","1105.56","1974-10-22 07:31:33","637","3122","121","3217.05"
"2557.53","3611.00","1981-01-23 20:01:00","638","2737","194","27467.66"
"1867.98","1117.21","1981-03-01 08:02:24","639","3179","203","22730.960000000003"
"4847.22","4935.42","2009-07-01 16:22:06","640","2955","105","175450.40000000002"
"223.58","2584.07","2006-04-05 01:32:27","641","1946","123","24358.499999999996"
"1375.51","397.63","1982-11-28 20:57:44","642","1374","166","8619.4"
"2298.24","4784.53","2014-01-06 06:02:47","643","1332","198","230787.2"
"4553.18","2230.14","1997-12-19 23:34:51","644","2624","48","69753.84"
"4585.07","2886.78","2006-03-05 19:38:16","645","946","117","88690.56"
"730.69","4423.38","2006-06-24 10:36:42","646","3558","228","142418.08"
"3961.96","944.92","1978-09-21 12:39:00","647","3195","151","325699.72000000003"
"1725.54","1084.04","1992-08-26 10:16:45","648","801","276","162489.89"
"4626.43","493.45","2006-07-01 10:47:15","649","1224","281","98857.92000000001"
"2580.45","3904.00","1988-06-07 17:06:25","650","331","115","257940.0"
"4011.04","3534.37","1980-09-07 01:52:01","651","2445","76","98690.68"
"4866.33","3971.90","2002-06-25 08:32:49","652","5","174","44375.4"
"4321.37","814.91","1998-01-08 16:44:09","653","3883","8","310009.68"
"3586.84","2823.06","1993-11-28 08:26:43","654","2716","48","215497.80000000002"
"446.55","3700.37","1981-12-28 06:59:23","655","551","87","120210.23"
"4072.81","717.07","1999-07-20 18:29:40","656","1658","192","42825.44"
"67.96","3525.24","1976-08-22 07:44:41","657","100","222","10842.56"
"1117.79","922.09","1996-08-20 03:12:46","658","2695","132","138285.84"
"3577.51","831.98","2014-02-15 07:15:18","659","2596","92","110244.23999999999"
"1684.80","2784.27","1979-08-19 19:44:59","660","3187","297","4154.5199999999995"
"872.35","3222.43","2001-12-08 19:18:04","661","3632","166","96185.45999999999"
"676.77","1547.51","1999-05-25 09:29:57","662","2068","192","152331.27"
"4180.61","2431.18","2013-05-08 11:19:23","663","2976","226","30553.4"
"2874.80","2644.11","2004-08-17 07:54:11","664","986","266","198017.82"
"4977.27","2133.24","1995-07-11 23:54:18","665","1557","70","36750.8"
"2390.61","1494.07","2014-04-04 21:16:40","666","3806","137","235614.56"
"1696.12","1171.03","2000-02-22 07:24:39","667","3814","74","520.96"
"4232.19","3247.41","2021-10-10 20:42:01","668","2941","166","103915.98"
"4012.91","1983.24","2002-08-09 17:09:19","669","1079","29","45532.76"
"2766.10","4157.47","1974-01-23 19:31:26","670","2686","95","309295.91"
"4629.88","2232.94","2015-08-29 07:12:39","671","1918","62","75602.52"
"1183.23","1708.61","2011-10-01 19:01:12","672","756","155","126453.88"
"1313.47","3271.28","2011-05-25 13:51:42","673","2828","191","159519.69"
"2190.35","3769.03","2006-10-27 12:04:43","674","295","15","13093.02"
"1493.81","1379.71","1996-11-02 06:01:28","675","3872","247","8117.44"
"2525.92","681.47","1997-05-18 16:09:44","676","2353","238","227961.5"
"3579.19","4037.47","1983-06-19 09:29:12","677","2125","110","182670.0"
"1637.88","1634.42","1989-03-21 17:04:06","678","2234","181","154146.77000000002"
"734.73","3005.88","1990-04-12 17:47:19","679","2467","231","328137.84"
"4035.07","2436.91","2021-07-01 11:10:16","680","3647","0","293970.0"
"641.01","2130.85","1998-01-24 06:52:11","681","3920","93","87752.7"
"1331.07","4524.80","2017-10-31 01:25:33","682","3951","228","167481.68"
"1947.17","1786.67","2003-01-12 13:47:16","683","2466","134","173394.54"
"1480.90","4498.97","1970-06-11 01:18:27","684","1454","292","221011.56"
"3059.84","422.06","1984-02-14 22:16:31","685","3905","299","24154.2"
"1435.02","1524.13","2008-10-12 14:25:40","686","180","165","5180.0"
"4971.40","4418.52","2000-12-01 15:52:39","687","2712","173","231010.44999999998"
"2543.83","4543.45","2015-07-01 08:30:08","688","1305","38","1629.98"
"2402.85","2919.22","1995-05-08 17:56:29","689","3586","191","80344.59999999999"
"1929.20","1430.87","2016-04-16 09:14:43","690","890","275","193835.34"
"3255.04","1172.07","2004-02-04 17:14:29","691","3639","153","251600.58"
"962.19","4610.41","2017-03-23 17:11:00","692","2151","101","6540.51"
"3487.64","4984.13","1995-09-04 23:15:20","693","2342","102","68217.65999999999"
"2136.54","2841.32","2009-04-10 23:27:56","694","3221","2","270656.66000000003"
"4771.63","4773.84","2000-02-08 03:28:13","695","1909","122","44686.08"
"3391.12","2980.92","1974-11-03 16:23:09","696","3278","259","82898.79999999999"
"2884.06","2713.99","2005-08-31 19:34:29","697","2806","292","262442.4"
"4241.85","2476.59","1992-05-15 23:26:46","698","1237","10","53607.68"
"3009.16","3567.01","1989-03-31 13:21:52","699","3113","130","11186.28"
"3747.27","2026.84","1991-10-18 17:28:15","700","2801","71","33431.44"
"2425.12","4502.42","1972-01-18 08:48:06","701","2503","215","104974.65"
"1921.78","933.21","1978-05-21 16:15:57","702","2756","287","3420.3"
"2596.23","886.64","2017-04-14 01:53:37","703","3684","222","242848.08"
"1680.44","3178.57","1982-09-20 00:45:43","704","17","189","34504.86"
"2255.44","4466.53","2009-08-18 01:05:36","705","1528","129","107187.98000000001"
"4421.32","879.47","2006-02-09 21:12:19","706","2975","14","145278.07"
"61.76","4298.58","1972-05-05 12:08:05","707","2163","61","37461.9"
"2498.46","1739.60","2004-12-09 05:02:53","708","2087","1","93446.43000000001"
"84.45","175.96","1994-07-18 02:30:11","709","2799","1","91172.25"
"2633.67","1465.77","2018-11-07 19:44:39","710","2146","266","172001.72"
"4203.79","1099.57","1992-05-30 03:41:00","711","1846","95","260353.28999999998"
"3705.70","4298.20","1981-10-07 17:41:35","712","1244","5","66859.36"
"2624.96","3312.46","1994-04-01 15:02:37","713","2828","223","363201.3"
"3783.31","933.09","1995-07-20 04:52:55","714","1428","48","209901.75"
"2483.13","2498.50","1972-10-08 08:42:12","715","1537","148","24547.2"
"420.01","3397.63","1988-07-02 20:16:11","716","1133","199","268396.8"
"3105.54","507.79","2014-02-08 04:51:41","717","2387","0","180334.35"
"586.84","3210.60","1997-12-04 04:07:38","718","2090","255","59966.049999999996"
"864.06","337.57","1995-03-11 01:29:50","719","3768","164","18396.96"
"138.17","1077.13","1998-12-06 06:57:30","720","1947","298","32785.950000000004"
"3458.18","3825.09","1984-01-31 13:40:17","721","938","131","158815.08"
"3181.58","2323.74","1979-10-26 15:43:35","722","3650","110","54362.840000000004"
"1418.34","3507.47","1970-03-25 02:53:02","723","278","138","318109.29000000004"
"3146.24","329.46","2003-03-31 02:06:53","724","3083","103","192120.63"
"2042.86","3203.44","2005-09-23 14:39:11","725","708","152","262786.68"
"3333.38","2506.76","2005-12-14 01:56:41","726","864","79","141807.3"
"1676.43","3536.51","1980-04-25 16:19:41","727","3777","137","105182.24"
"942.66","4628.90","2000-06-14 01:23:43","728","300","72","156853.62"
"1999.33","1962.48","1972-05-12 19:33:36","729","2615","133","7456.14"
"1085.61","2880.38","1998-07-16 17:30:03","730","2466","58","196682.07"
"3366.72","1988.06","1970-11-15 07:43:12","731","1581","227","20908.3"
"1195.89","3571.46","2005-07-10 08:45:48","732","2613","216","135129.62"
"2746.78","2013.83","2015-12-05 02:43:29","733","679","147","193258.88999999998"
"504.11","1448.85","2005-08-18 09:07:08","734","1438","253","19662.16"
"4317.70","4210.20","2021-10-20 23:04:51","735","881","135","23568.0"
"1254.01","3443.02","1996-03-14 09:08:55","736","3413","100","97187.37000000001"
"3967.84","4521.56","2004-07-15 07:42:02","737","675","52","258825.44999999998"
"1136.59","3262.74","2002-11-23 02:43:20","738","2512","131","239034.24"
"2437.01","1131.48","2019-01-17 14:05:40","739","839","10","259451.64"
"974.69","152.30","1981-02-17 04:41:07","740","1241","248","158635.2"
"3554.14","2305.88","1972-08-13 16:13:13","741","3592","69","238655.34"
"3045.48","1453.52","1998-01-21 04:36:27","742","258","196","66314.22"
"1336.30","1350.14","1990-04-12 20:29:41","743","3087","138","238385.34"
"2539.67","237.36","1985-05-15 02:45:39","744","1994","187","275639.45999999996"
"1919.89","3022.28","2006-09-08 17:14:41","745","3583","256","183614.76"
"2111.27","3897.32","2009-03-08 05:09:33","746","2419","251","386535.24000000005"
"1271.63","1593.24","1983-12-29 14:02:01","747","1354","244","108292.8"
"2097.17","2931.35","2001-04-08 16:03:35","748","3865","264","66312.12000000001"
"498.21","3261.74","2015-02-06 12:36:36","749","3573","124","0.0"
"4851.48","126.41","1977-08-08 13:53:46","750","1963","199","88820.64"
"4970.61","2091.47","1974-09-07 09:31:57","751","3322","64","146052.72"
"3890.01","3122.50","1990-03-26 10:03:17","752","1618","297","35873.5"
"4544.17","4180.46","1985-03-17 16:57:12","753","664","263","6901.66"
"3357.08","684.77","1976-05-17 08:26:09","754","3777","267","87832.08"
"1456.19","4961.53","2021-07-01 23:46:02","755","761","243","13617.72"
"4024.30","535.57","1972-06-01 07:36:53","756","227","229","24041.269999999997"
"3229.31","1068.27","2006-08-21 18:47:28","757","874","11","32253.600000000002"
"1483.23","1847.10","1998-05-18 07:12:42","758","3908","278","390017.58"
"1733.75","2928.65","2008-01-15 07:40:03","759","2836","70","71687.76"
"2541.68","2618.65","2018-07-21 07:11:53","760","3490","134","184087.57"
"2618.79","2855.13","1982-10-04 23:00:15","761","2842","62","113597.76"
"4304.28","1509.69","1999-03-09 17:54:43","762","1080","125","230418.09"
"4949.78","3450.73","1984-12-16 06:18:05","763","2605","147","67345.44"
"1909.40","424.48","1994-07-06 00:55:38","764","278","187","13978.26"
"4519.49","3311.18","1988-04-30 13:51:58","765","194","97","79643.52"
"3286.12","890.73","1976-05-12 15:14:13","766","3316","86","173025.80000000002"
"759.19","886.77","2014-02-18 14:23:51","767","3898","163","267882.12"
"2926.60","2911.45","1993-05-23 06:16:36","768","3626","66","82157.76"
"303.32","2746.00","2013-01-27 05:58:26","769","3410","197","15135.15"
"4830.76","247.10","2021-02-04 22:01:18","770","3136","274","48685.98"
"2980.33","1203.64","1971-05-21 19:39:51","771","562","133","382573.0"
"356.05","4981.06","2004-12-25 15:16:18","772","2164","96","357.42"
"556.11","2518.41","1993-11-24 15:02:12","773","2067","105","11736.06"
"3778.43","1308.03","1985-05-10 04:38:18","774","3709","101","132720.25"
"2820.13","1943.32","2008-01-30 09:03:14","775","2171","132","28638.980000000003"
"2599.95","4512.68","1972-11-18 17:07:13","776","3386","24","43918.44"
"102.35","4522.99","1986-08-09 00:58:10","777","851","246","14885.84"
"2354.64","3983.15","1977-06-02 04:56:47","778","2519","237","62370.72"
"3707.44","1079.13","1974-03-06 02:03:42","779","3667","126","47512.4"
"2445.42","3167.89","2007-08-15 00:04:09","780","1747","27","159257.56000000003"
"4275.46","4069.52","2012-04-16 18:54:34","781","1163","22","180877.80000000002"
"4307.44","2358.73","2001-01-31 06:38:09","782","3975","92","0.0"
"272.72","3398.19","1998-03-15 05:42:22","783","1319","201","8582.119999999999"
"1532.46","581.37","1979-09-14 18:53:24","784","3384","66","61352.29"
"3192.82","3943.14","1977-05-03 15:03:14","785","1922","47","54882.84"
"1417.46","2663.70","2020-04-13 03:36:10","786","1112","37","29270.29"
"1334.15","1059.14","1975-04-24 20:32:43","787","2728","294","1454.7"
"2702.15","3969.61","2005-08-21 12:14:09","788","427","97","165486.75"
"20.14","2301.78","1973-04-19 08:07:25","789","3153","264","124921.44"
"1506.53","2970.47","1975-05-12 01:34:38","790","1736","4","43847.37"
"1011.80","2533.40","2000-10-13 15:41:41","791","3386","204","124618.26000000001"
"1117.31","2732.16","1979-07-14 07:14:11","792","850","17","60211.45"
"2801.45","4232.68","1986-12-29 10:51:22","793","1197","183","27169.74"
"1115.57","3592.06","1975-10-20 22:21:40","794","1728","41","9412.26"
"3526.51","642.27","1998-05-17 00:23:55","795","161","183","306175.64999999997"
"564.46","3872.48","2012-11-14 19:09:34","796","84","286","455751.15"
"4922.26","762.16","2020-03-03 06:29:45","797","3032","205","341399.54"
"230.10","3714.64","1999-03-29 05:42:07","798","3875","163","5381.88"
"4451.15","275.70","1992-01-06 21:41:33","799","2702","205","125950.3"
"1936.87","2409.58","2019-11-08 21:23:50","800","1919","20","118203.56999999999"
"568.98","2608.84","2009-09-24 19:57:15","801","3159","291","29768.04"
"2266.21","936.79","2010-09-14 04:52:12","802","3774","1","47430.229999999996"
"1975.68","648.17","1978-08-29 08:11:33","803","2300","238","23058.18"
"271.40","3227.99","1971-05-15 03:23:53","804","3808","95","18694.08"
"3270.27","4653.37","1989-07-05 09:40:37","805","2230","193","2539.02"
"188.68","2854.37","1979-03-02 16:39:36","806","1979","218","145022.17"
"330.24","4927.38","2007-09-07 20:24:51","807","3088","222","127580.04000000001"
"3342.21","35.77","2015-05-07 04:24:41","808","2749","204","154295.30000000002"
"1386.69","887.17","2021-07-14 09:54:58","809","1064","115","15044.810000000001"
"3015.78","2666.39","1973-07-28 03:04:24","810","215","259","239058.24"
"2136.70","1910.42","2005-01-25 00:42:31","811","2667","79","29036.800000000003"
"632.15","499.38","2007-01-25 21:05:49","812","3058","202","186805.08"
"3478.56","3223.07","2018-01-09 18:45:55","813","840","69","82131.84"
"1245.24","1541.37","1972-05-20 21:29:58","814","838","24","354226.68"
"2513.62","4998.70","1985-12-30 11:29:17","815","3269","284","4981.8"
"4778.63","41.89","1986-01-28 23:29:16","816","1052","52","101502.03"
"4562.34","2314.54","2019-03-14 01:17:45","817","1784","109","134521.9"
"2746.16","3161.84","1975-05-29 19:19:42","818","3838","117","99736.0"
"1365.16","4478.87","2013-04-25 01:27:35","819","2691","126","169030.08000000002"
"1037.74","1624.77","2007-12-02 20:02:48","820","3339","110","21082.32"
"1191.36","2829.94","2004-02-01 05:33:48","821","1635","109","321811.72"
"2600.24","89.20","2008-07-05 08:31:37","822","3217","298","19925.04"
"3995.15","1977.52","2018-05-04 08:01:08","823","3938","248","51913.68"
"3394.41","874.44","2011-03-21 00:25:04","824","1130","76","14948.78"
"4239.84","3065.53","1995-03-22 17:00:54","825","858","55","63693.32000000001"
"1707.70","1922.78","2009-12-08 22:46:47","826","843","89","43732.64"
"2837.28","4664.90","2012-05-23 17:44:58","827","3925","296","100375.38"
"2970.22","1868.51","1999-01-09 06:01:33","828","3615","185","156664.8"
"1326.11","1192.85","2020-03-22 18:28:27","829","2821","119","35362.11"
"3504.69","2911.37","1986-03-07 13:47:24","830","278","91","315327.89"
"110.43","1964.88","2001-12-02 18:05:29","831","772","85","130025.22"
"3958.83","3987.83","1971-12-22 14:31:29","832","3354","224","223132.32"
"2100.13","3464.27","1992-09-29 15:50:23","833","633","76","55067.48"
"416.64","1045.07","2005-12-12 11:25:37","834","3803","213","107617.62000000001"
"2988.26","3019.38","1986-09-17 00:13:55","835","2415","211","9182.32"
"90.28","1997.53","1986-12-24 15:20:11","836","2690","105","388964.02999999997"
"671.13","4045.17","2000-12-14 22:14:33","837","1668","46","251446.24"
"3604.20","4929.97","2012-12-21 03:16:50","838","3350","108","10787.0"
"2237.81","2763.16","1990-06-27 21:16:49","839","889","235","119233.92"
"3534.65","1724.72","2005-09-15 19:16:30","840","1672","297","2699.11"
"4701.51","591.33","1996-02-23 06:40:05","841","1757","177","254716.38"
"382.30","65.73","1986-10-07 03:22:41","842","2004","243","70998.25"
"3615.58","2744.91","1999-10-31 23:53:58","843","2995","54","299932.74"
"3127.12","3639.52","1992-08-17 20:21:16","844","340","194","55270.5"
"4971.60","3658.84","1989-07-20 09:26:54","845","211","261","152775.9"
"1149.54","1118.13","1976-10-18 12:37:26","846","3213","62","2387.2200000000003"
"32.23","2627.04","1972-05-08 03:02:35","847","1895","81","180733.97999999998"
"4713.11","4246.19","1991-05-16 01:52:06","848","3701","16","103836.88"
"307.46","3361.59","1975-09-12 03:44:24","849","2042","52","92958.48000000001"
"1209.76","4632.80","1983-11-12 20:16:00","850","907","269","2986.84"
"1300.03","129.30","2007-12-13 04:13:00","851","736","177","2117.85"
"3991.34","1566.56","1974-06-13 15:05:25","852","3703","64","331924.04"
"2969.88","2809.71","1984-09-17 19:21:06","853","2731","29","200132.66"
"1023.86","971.39","1993-05-20 04:17:22","854","1873","66","3485.67"
"454.77","3367.26","1986-03-27 21:55:00","855","2874","57","79618.84999999999"
"1309.77","1528.66","1970-02-02 21:43:40","856","2919","239","15709.199999999999"
"906.66","420.34","1980-06-28 21:16:31","857","537","196","391355.79000000004"
"3207.54","1502.28","2019-03-29 21:10:02","858","2966","155","224016.96000000002"
"1084.06","878.45","1982-09-15 21:17:54","859","3260","105","266779.44"
"4871.92","4713.16","1981-06-01 02:00:57","860","487","79","177263.1"
"4929.08","1907.20","1999-03-11 20:54:53","861","3345","67","178992.06"
"1625.15","3441.14","2019-06-26 12:11:02","862","3885","28","270039.60000000003"
"4199.86","1491.78","2019-05-10 01:06:16","863","512","217","65944.84"
"1116.09","2585.58","1972-04-15 13:55:34","864","2158","86","371788.56000000006"
"3450.45","777.71","1987-05-26 22:29:18","865","2777","267","288534.3"
"4377.06","2356.16","2012-03-09 06:22:31","866","3846","141","2526.0499999999997"
"1741.20","1600.82","2000-09-25 23:53:44","867","785","102","42545.88"
"2764.14","1528.91","2008-03-05 00:28:01","868","1630","264","32583.9"
"928.62","4781.27","1995-07-10 04:48:18","869","2122","248","16402.760000000002"
"17.56","4790.73","2012-10-29 18:00:37","870","3600","231","3497.25"
"1673.04","913.39","1972-01-20 14:18:17","871","3933","223","23794.199999999997"
"2807.67","3277.96","2009-05-29 23:51:25","872","3145","69","23867.64"
"1482.51","3894.41","1977-01-19 04:07:25","873","839","70","108639.9"
"1419.31","2355.90","1997-12-06 13:18:32","874","312","154","232679.04"
"3740.90","1875.09","2006-08-20 07:16:12","875","2228","143","90544.08"
"2414.85","3265.31","1974-04-18 19:43:59","876","2787","16","20727.98"
"713.29","783.11","1997-04-17 14:01:47","877","3383","93","88623.08"
"4012.89","3699.23","2020-12-27 06:42:37","878","3598","178","259146.0"
"1671.63","2884.20","1998-03-26 04:58:04","879","1359","45","9096.04"
"3371.00","2245.96","2008-07-02 07:17:35","880","1758","217","147951.9"
"2218.78","591.64","1973-06-21 07:10:51","881","1339","224","471730.39999999997"
"3290.25","300.33","1986-08-06 03:46:14","882","2178","292","107074.89000000001"
"97.44","925.13","1980-01-31 12:37:20","883","238","99","366877.28"
"1184.10","4919.25","1986-05-04 02:28:53","884","987","145","23924.16"
"2903.18","1742.12","2000-08-07 03:51:31","885","1365","69","46224.75"
"3692.22","1169.88","1974-09-06 09:26:58","886","1620","43","0.0"
"4787.72","1235.38","1990-11-12 09:25:32","887","921","116","185636.54"
"850.62","2025.37","2006-02-17 14:41:14","888","2064","88","392984.9"
"4523.03","3053.52","1988-01-26 01:59:24","889","2208","159","61752.65"
"4710.51","4353.09","1984-06-20 00:18:06","890","1841","9","10270.88"
"4524.06","670.54","1975-02-02 09:50:35","891","3162","254","79244.44"
"2294.51","1239.84","1989-06-19 22:19:20","892","3869","266","31979.2"
"1703.22","2741.44","2003-06-04 06:12:57","893","2570","298","53916.9"
"3022.62","880.71","2011-07-09 17:37:30","894","1315","220","134551.47"
"2385.58","4981.09","1980-05-07 05:09:02","895","2724","210","270837.88"
"1421.53","4186.35","2007-04-30 20:21:27","896","1798","261","22373.44"
"2682.12","4198.90","1979-05-22 13:18:47","897","1442","244","161869.81999999998"
"4864.73","2303.55","2020-05-02 20:25:10","898","1804","255","30354.64"
"1423.46","4774.29","1992-04-21 23:37:39","899","2220","177","163254.62999999998"
"3443.18","1987.67","1995-01-08 01:18:33","900","901","84","217821.32"
"409.61","3727.97","2018-08-06 10:52:56","901","1802","275","224247.18000000002"
"2409.11","2462.02","2021-07-22 18:11:23","902","2172","97","91482.45"
"1388.29","353.93","1974-02-24 12:27:30","903","2730","136","88597.41"
"4267.57","622.85","2002-10-16 14:00:47","904","3154","146","115309.29000000001"
"2753.88","194.51","2015-12-16 22:23:05","905","3716","252","262480.26"
"4330.54","4054.61","1983-12-15 19:54:05","906","3764","150","156506.5"
"3968.94","2055.94","1978-03-28 06:42:44","907","1483","27","94295.37"
"2803.71","3286.95","1982-06-08 12:07:38","908","1367","113","66788.64"
"3403.91","4633.18","2011-09-16 07:10:06","909","256","50","89307.12"
"4780.88","1002.03","1976-12-14 00:41:07","910","1997","51","156202.65"
"4665.19","455.83","1989-06-08 07:06:40","911","3620","56","146026.59999999998"
"4251.96","3438.84","1991-05-08 22:42:30","912","2915","294","155694.0"
"2166.95","2291.89","1985-04-04 16:24:14","913","11","122","229029.91999999998"
"2433.22","4468.78","1979-02-04 10:16:53","914","1677","92","238576.64"
"1705.36","1732.71","2006-12-23 11:53:11","915","2946","121","74536.2"
"201.84","2238.33","1975-01-31 08:26:13","916","2348","18","12624.54"
"4020.52","2098.18","1996-04-07 02:57:26","917","2851","66","135201.50999999998"
"3012.41","3101.03","1995-12-08 11:56:07","918","2554","208","140591.36000000002"
"4547.57","1735.67","2004-01-31 05:44:00","919","2555","165","101298.0"
"836.88","2646.06","2015-12-16 01:08:01","920","1130","142","44426.58"
"3361.73","2987.75","1981-06-18 17:32:01","921","1116","37","293454.81"
"420.78","3680.75","1997-03-29 22:36:27","922","465","74","311715.49"
"3183.48","690.95","2010-05-20 17:14:12","923","329","142","317114.6"
"3852.37","4051.98","2009-01-01 04:48:51","924","3731","159","119250.83000000002"
"828.91","3196.73","2007-01-13 12:04:08","925","327","62","194381.63999999998"
"3376.71","1342.32","2007-01-17 10:24:58","926","3708","155","29911.59"
"497.44","894.47","1991-06-29 18:18:41","927","3335","45","19282.34"
"2027.55","3944.02","1972-08-19 00:01:15","928","1650","149","150958.71"
"945.18","4975.06","1996-06-03 17:48:44","929","2943","28","0.0"
"2826.27","3269.20","2017-03-27 15:22:52","930","1560","69","154587.8"
"4053.04","3440.45","1997-09-28 12:19:58","931","1374","4","27178.24"
"4878.61","2564.93","2005-08-25 04:02:41","932","990","73","109157.4"
"27.56","1445.95","2000-02-20 17:30:40","933","794","63","201591.18"
"2478.04","4068.21","2013-08-25 10:01:39","934","2133","137","153745.28"
"2319.71","680.09","1998-11-17 10:26:47","935","3969","122","211625.37000000002"
"1692.02","1568.25","2015-10-26 00:59:55","936","3941","130","1811.43"
"3387.84","1091.45","1973-05-30 04:44:17","937","3163","210","128500.5"
"2294.45","4710.91","1991-11-10 07:07:45","938","2574","170","27580.23"
"919.05","816.96","1999-08-20 02:07:19","939","2070","98","125578.8"
"454.61","3949.56","2016-04-30 05:06:31","940","88","157","279420.48"
"814.77","3138.93","1970-05-04 17:17:14","941","90","142","145561.35"
"4698.05","268.92","1976-03-14 09:08:26","942","1288","184","33939.0"
"2520.32","2398.78","2005-01-28 19:31:21","943","1868","253","19448.1"
"132.94","2865.37","2003-06-03 07:17:30","944","1303","83","202466.36000000002"
"1260.09","3967.04","2013-01-27 11:10:42","945","2310","10","353420.10000000003"
"4896.72","1954.35","1981-01-31 01:05:26","946","13","125","15624.92"
"4740.25","894.25","1975-02-10 10:47:06","947","667","170","140878.26"
"1680.97","4912.17","2008-09-17 14:00:32","948","3688","164","161569.91999999998"
"3184.42","2599.48","2007-11-04 11:52:43","949","1268","35","8138.16"
"1471.32","2386.73","1972-04-14 03:22:16","950","1510","191","150957.03"
"1793.81","1628.48","1994-10-08 16:56:57","951","2932","67","261060.0"
"2367.91","3053.49","1991-07-08 09:42:10","952","314","141","154242.0"
"2088.74","3585.62","1979-01-15 17:00:48","953","1096","2","123103.84999999999"
"2860.27","4217.53","1971-02-09 21:10:31","954","2147","248","46116.090000000004"
"2504.71","555.74","2005-01-22 17:59:05","955","1738","35","374615.00999999995"
"3679.24","3988.69","1973-02-24 22:57:09","956","1134","142","1338.64"
"277.09","3370.60","2006-12-24 20:46:16","957","2673","99","267671.58"
"4763.14","2779.47","1973-02-09 23:47:24","958","2569","165","5947.37"
"1931.61","2742.65","2017-10-01 08:08:03","959","3692","209","101221.38"
"756.99","4045.72","1988-09-07 06:35:21","960","2644","6","374396.75"
"3208.56","4701.95","2016-03-02 04:55:45","961","2310","161","114729.09000000001"
"766.77","2336.31","1998-04-22 19:36:22","962","3429","64","50908.88"
"4573.26","1990.95","2002-01-10 00:41:53","963","3418","191","8335.47"
"1619.19","1212.15","1982-11-17 20:00:26","964","3117","77","26315.6"
"657.85","2522.68","1975-04-20 10:56:18","965","687","218","161374.21999999997"
"1824.43","91.65","1990-07-03 06:36:06","966","2871","197","21506.480000000003"
"3762.66","750.05","1984-03-03 15:00:34","967","837","298","56362.409999999996"
"3195.78","1650.70","1995-05-13 06:58:30","968","390","160","91009.2"
"1726.43","4643.51","1983-11-18 03:11:07","969","3820","278","59565.4"
"2383.25","2641.42","1992-03-19 01:23:24","970","3979","174","83594.09999999999"
"4167.92","3124.07","2017-04-01 12:25:00","971","2085","246","439214.05999999994"
"604.68","1456.10","1985-05-21 06:15:12","972","2132","145","37436.9"
"3779.30","2788.67","2017-07-13 19:08:42","973","3877","147","128181.6"
"2959.30","3248.51","1982-01-07 23:04:40","974","2589","36","114900.0"
"400.62","2348.62","1981-01-10 09:31:56","975","3895","251","108670.57999999999"
"741.94","1565.56","2004-09-02 06:26:57","976","109","167","6337.780000000001"
"2578.61","1299.35","1984-10-07 12:57:25","977","3738","135","45720.33"
"2092.65","2277.08","1991-12-23 15:00:43","978","2831","18","145872.3"
"258.28","2772.10","2007-05-28 07:01:37","979","748","244","209945.4"
"124.16","1482.73","1992-03-10 03:31:06","980","1280","80","12988.59"
"3087.66","2428.49","2021-09-23 04:24:29","981","3379","259","60239.479999999996"
"2133.78","4811.36","2011-07-24 19:55:30","982","1818","20","312309.0"
"3922.05","3045.86","2003-04-25 20:17:52","983","3760","69","10046.16"
"1225.70","4559.82","2008-03-24 13:21:22","984","348","102","167101.6"
"3105.95","2618.80","2000-01-27 10:39:07","985","2221","268","158155.83000000002"
"2130.66","1682.04","2011-04-30 09:53:36","986","1746","97","107887.04000000001"
"2742.46","578.21","1995-12-22 19:04:45","987","2581","78","45414.6"
"4403.60","2854.11","2016-01-26 15:48:33","988","1861","210","269702.28"
"2139.24","660.57","1997-04-14 04:03:29","989","82","33","78211.04999999999"
"241.78","4590.53","1991-06-27 09:37:26","990","619","225","156844.15"
"1616.22","4620.84","2014-06-12 17:12:27","991","3950","61","53811.27"
"3814.68","1988.23","2018-09-07 15:00:47","992","1584","138","91289.25"
"1871.46","2224.30","1990-03-19 05:53:26","993","604","124","101108.15"
"1084.75","2193.85","2004-10-25 07:19:42","994","3578","249","129088.15000000001"
"1798.88","2655.02","1980-12-08 22:30:41","995","2918","276","215496.94"
"4511.37","427.46","2015-10-13 13:46:31","996","3262","243","85917.78"
"3917.00","166.05","2006-03-19 05:46:50","997","2969","56","246607.48"
"3364.91","505.89","2001-05-22 12:18:31","998","1616","249","77852.46"
"4610.96","589.24","1981-08-24 07:05:29","999","3477","145","152538.4"
